938110,1,1,1,70,76,100,100,0,100,100,100,51,15,4,11,10,1,0,0,100,100,100,55,68,46,44
938310,1,1,1,68,55,100,100,0,100,100,100,65,20,18,11,4,10,0,0,100,100,100,58,68,45,45
938510,1,1,1,77,60,100,100,0,54,100,100,44,20,15,8,5,8,0,0,100,100,100,59,68,44,46
938710,1,1,1,65,70,100,100,0,100,100,100,20,37,15,5,11,7,0,0,100,100,100,62,67,44,47
938910,1,1,1,57,65,100,100,0,100,100,100,15,17,10,12,10,13,0,0,100,100,100,62,67,47,47
939110,1,1,1,61,64,100,100,0,100,100,100,57,38,10,16,11,11,0,0,100,100,100,66,69,49,49
939310,1,1,1,70,73,100,100,0,100,100,100,27,7,15,7,7,7,0,0,100,100,100,66,70,45,46
939510,1,1,1,56,84,100,100,0,100,100,100,27,29,22,13,13,7,0,0,100,100,100,67,68,46,44
939710,1,1,1,65,56,100,100,0,100,100,35,16,7,12,9,5,8,0,0,100,100,100,70,63,46,43
939910,1,1,1,46,67,100,100,0,100,100,51,10,4,12,5,9,2,0,0,100,100,100,71,60,45,44
940110,1,1,1,56,58,100,100,0,100,100,100,46,34,8,8,2,8,0,0,100,100,100,72,59,46,44
940310,1,1,1,59,81,100,100,0,100,100,100,45,33,18,10,9,13,0,0,100,100,100,73,57,48,45
940510,1,1,1,51,67,100,100,0,100,100,99,34,28,4,10,9,7,0,0,100,100,100,73,56,48,46
940710,1,1,1,58,74,100,100,0,100,100,100,33,11,7,2,8,5,0,0,100,100,100,70,57,48,47
940910,1,1,1,60,63,100,100,0,100,100,100,29,23,11,4,10,5,0,0,100,100,100,69,56,50,47
941110,1,1,1,80,63,100,100,0,50,100,100,44,37,10,9,6,4,0,0,100,100,100,68,56,52,47
941310,1,1,1,68,65,100,100,0,100,100,100,43,20,4,7,10,6,0,0,100,100,100,68,57,54,47
941510,1,1,1,67,59,100,100,0,100,100,100,27,25,11,13,10,7,0,0,100,100,100,70,58,55,46
941710,1,1,1,39,67,100,100,0,100,100,46,29,21,9,9,7,11,0,0,100,100,100,75,57,57,47
941910,1,1,1,67,76,100,100,0,100,100,100,14,7,17,8,10,3,0,0,100,100,100,76,57,58,45
942110,1,1,1,66,60,100,100,0,100,100,100,36,20,15,12,6,12,0,0,100,100,100,78,57,60,47
942310,1,1,1,73,52,100,100,0,100,100,100,11,11,9,9,5,6,0,0,100,100,100,78,59,61,48
942510,1,1,1,65,59,100,100,0,100,100,100,24,17,9,4,5,7,0,0,100,100,100,75,58,61,45
942710,1,1,1,56,69,100,100,0,100,100,100,29,11,4,3,5,10,0,0,100,100,100,71,57,60,45
942910,1,1,1,79,73,100,100,0,69,100,100,23,6,10,3,6,3,0,0,100,100,100,71,55,55,43
943110,1,1,1,79,56,100,100,0,52,100,100,15,16,8,4,5,4,0,0,100,100,100,70,50,52,39
943310,1,1,1,54,66,100,100,0,100,100,98,14,20,10,10,6,4,0,0,100,100,100,70,50,51,38
943510,1,1,1,55,69,100,100,0,100,100,100,34,36,9,4,4,7,0,0,100,100,100,69,48,48,39
943710,1,1,1,62,67,100,100,0,100,100,100,13,31,8,9,7,9,0,0,100,100,100,66,48,48,40
943910,1,1,1,70,70,100,100,0,100,100,87,23,18,10,4,7,3,0,0,100,100,100,65,49,47,39
944110,1,1,1,46,54,100,100,0,100,100,58,22,19,7,9,5,6,0,0,100,100,100,61,48,48,38
944310,1,1,1,73,83,100,100,0,100,100,96,10,16,9,10,6,7,0,0,100,100,100,61,47,47,37
944510,1,1,1,66,71,100,100,0,100,100,64,21,12,12,10,7,5,0,0,100,100,100,59,46,46,34
944710,1,1,1,80,58,100,100,0,13,100,52,14,11,6,3,7,6,0,0,100,100,100,62,46,46,33
944910,1,1,1,62,74,100,100,0,95,100,44,7,6,9,1,8,9,0,0,100,100,100,65,46,45,33
945110,1,1,1,53,50,100,100,0,100,100,56,10,11,10,2,1,8,0,0,100,100,100,68,44,43,34
945310,1,1,1,56,60,100,100,0,100,100,63,9,9,4,5,1,5,0,0,100,100,100,71,42,39,35
945510,1,1,1,70,66,100,100,0,100,100,83,14,6,10,8,4,5,0,0,100,100,100,75,39,37,36
945710,1,1,1,63,70,100,100,0,100,100,52,9,6,11,6,5,8,0,0,100,100,100,76,40,36,37
945910,1,1,1,75,66,100,100,0,40,100,39,10,9,3,2,3,7,0,0,100,100,100,81,40,35,40
946110,1,1,1,79,77,63,100,0,15,63,25,11,4,4,1,5,6,0,0,100,100,100,84,41,33,40
946310,1,1,1,73,76,93,100,0,31,93,25,9,5,7,2,5,6,0,0,100,100,100,85,40,32,39
946510,1,0,1,0,75,0,100,0,20,29,6,5,6,6,2,8,4,0,0,100,100,100,89,40,33,40
946710,1,1,1,70,75,64,100,0,26,64,16,6,5,5,1,6,2,0,0,100,100,100,93,41,34,39
946910,1,1,1,77,76,100,100,0,45,100,77,13,8,1,3,3,1,0,0,100,100,100,93,41,35,39
947110,1,1,1,75,79,100,100,0,100,100,100,15,4,9,8,1,6,0,0,100,100,100,92,41,34,40
947310,1,1,1,61,69,100,100,0,100,100,100,9,5,10,10,2,11,0,0,100,100,100,94,40,34,42
947510,1,1,1,55,55,100,100,0,100,100,100,21,9,11,10,5,9,0,0,100,100,100,97,40,35,44
947710,1,1,1,72,62,100,100,0,100,100,89,24,9,9,5,6,8,0,0,100,100,100,100,38,34,45
947910,1,1,1,80,79,100,100,0,30,100,77,23,6,8,5,7,5,0,0,100,100,100,100,36,34,46
948110,1,1,1,50,73,100,100,0,100,100,28,3,2,7,6,9,1,0,0,100,100,100,100,35,32,47
948310,1,1,1,79,77,100,100,0,15,100,38,9,3,7,5,8,3,0,0,100,100,100,100,35,31,48
948510,1,1,1,78,78,100,100,0,19,100,37,11,4,9,7,6,7,0,0,100,100,100,100,33,30,49
948710,1,1,1,70,79,100,100,0,76,100,54,18,9,4,6,5,9,0,0,100,100,100,100,31,29,51
948910,1,1,1,58,72,100,100,0,100,100,75,17,8,11,8,2,10,0,0,100,100,95,100,31,28,51
949110,1,1,1,57,53,100,100,0,100,100,66,12,8,9,7,3,5,0,0,100,100,90,100,30,27,51
949310,1,1,1,63,59,100,100,0,100,100,50,12,8,7,6,3,3,0,0,100,100,86,100,29,26,49
949510,1,1,1,70,68,100,100,0,73,100,49,8,3,9,8,6,5,0,0,100,100,82,100,28,27,48
949710,1,1,1,65,75,100,100,0,93,100,49,8,5,8,7,6,6,0,0,100,100,79,100,26,26,46
949910,1,1,1,77,76,100,100,0,25,100,45,11,9,7,4,6,3,0,0,100,100,77,100,24,27,44
950110,1,0,1,0,75,0,100,0,35,47,14,3,7,5,4,4,4,0,0,100,100,77,100,22,27,43
950310,1,0,1,0,75,0,100,0,24,34,18,5,6,5,4,2,4,0,0,100,100,77,100,20,27,42
950510,1,1,1,76,75,100,100,0,23,100,32,5,5,3,5,3,5,0,0,100,100,77,100,18,27,41
950710,1,1,1,75,77,100,100,0,80,100,88,7,8,10,6,6,5,0,0,100,100,76,100,17,26,39
950910,1,1,1,64,73,100,100,0,100,100,100,10,5,9,10,8,8,0,0,100,100,73,100,16,26,39
951110,1,1,1,50,53,100,100,0,100,100,100,26,9,9,12,2,9,0,0,100,100,73,100,17,27,40
951310,1,1,1,65,58,100,100,0,100,100,91,23,9,9,5,4,5,0,0,100,100,74,100,18,27,41
951510,1,1,1,82,76,100,100,0,16,100,97,26,8,10,2,7,1,0,0,100,100,76,100,17,28,41
951710,1,1,1,71,81,100,100,0,85,100,68,14,3,8,2,7,3,0,0,100,100,75,100,16,28,39
951910,1,1,1,75,65,100,100,0,74,100,73,15,5,5,2,8,6,0,0,100,100,73,98,17,27,38
952110,1,1,1,78,80,100,100,0,24,100,42,9,6,4,3,5,7,0,0,100,100,72,95,17,28,36
952310,1,1,1,75,78,82,100,0,30,82,30,10,4,6,4,3,7,0,0,100,100,70,92,17,28,34
952510,1,1,1,69,79,100,100,0,100,100,89,15,6,6,3,5,4,0,0,100,100,68,89,17,28,33
952710,1,1,1,67,63,100,100,0,100,100,100,23,4,7,5,4,2,0,0,100,100,68,89,17,28,33
952910,1,1,1,79,75,100,100,0,26,100,63,16,5,6,7,7,4,0,0,100,100,70,89,16,28,33
953110,1,1,1,67,74,100,100,0,100,100,64,21,8,9,4,8,7,0,0,100,100,70,89,16,28,33
953310,1,1,1,65,58,100,100,0,100,100,69,19,9,9,5,4,11,0,0,100,100,70,89,16,28,33
953510,1,1,1,56,52,100,100,0,100,100,60,15,5,8,7,4,10,0,0,100,100,69,88,16,28,33
953710,1,1,1,69,63,100,100,0,74,100,43,9,8,9,8,8,2,0,0,100,100,68,87,16,28,33
953910,1,1,1,75,68,100,100,0,40,100,40,10,2,5,8,8,1,0,0,100,100,67,87,15,28,33
954110,1,1,1,73,75,86,100,0,25,86,19,8,4,8,7,6,2,0,0,100,100,67,86,15,28,33
954310,1,1,1,70,73,100,100,0,44,100,26,6,1,9,8,1,1,0,0,100,100,66,86,14,28,33
954510,1,1,1,60,62,100,100,0,100,100,96,22,13,3,8,5,7,0,0,100,100,67,86,16,28,33
954710,1,1,1,66,56,100,100,0,100,100,72,21,8,5,6,7,2,0,0,100,100,67,85,17,28,34
954910,1,1,1,77,67,100,100,0,19,100,47,13,11,6,7,7,1,0,0,100,100,71,84,17,28,33
955110,1,1,1,59,63,98,100,0,66,98,22,7,7,3,2,1,1,0,0,100,100,73,81,16,27,31
955310,1,1,1,61,59,100,100,0,92,100,30,7,9,6,5,5,1,0,0,100,100,72,77,15,26,29
955510,1,1,1,70,45,51,100,0,33,51,28,15,12,7,11,2,3,0,0,100,100,72,72,16,25,27
955710,1,1,1,79,79,100,100,0,18,100,52,12,5,5,4,2,4,0,0,100,100,71,68,17,24,26
955910,1,1,1,65,76,51,100,0,34,51,21,9,9,5,4,3,3,0,0,100,100,71,66,19,23,26
956110,1,1,1,72,67,100,100,0,59,100,39,6,4,1,2,5,3,0,0,100,100,73,65,20,21,26
956310,1,1,1,66,76,100,100,0,100,100,67,10,7,5,6,5,6,0,0,100,100,72,65,22,20,27
956510,1,1,1,68,60,100,100,0,100,100,90,13,12,6,5,4,5,0,0,100,100,73,65,22,20,27
956710,1,1,1,77,78,100,100,0,60,100,100,12,9,13,6,2,4,0,0,100,100,75,65,23,20,27
956910,1,1,1,57,69,100,100,0,100,100,100,8,9,12,9,5,10,0,0,100,100,76,67,24,21,28
957110,1,1,1,55,52,100,100,0,100,100,100,17,3,11,7,7,11,0,0,100,100,76,71,26,23,29
957310,1,1,1,77,69,100,100,0,55,100,85,16,9,13,2,8,4,0,0,100,100,78,74,27,24,30
957510,1,1,1,73,79,100,100,0,89,100,76,15,7,7,1,8,2,0,0,100,100,80,74,28,24,30
957710,1,1,1,71,71,63,100,0,32,63,26,8,7,6,1,7,4,0,0,100,100,80,74,28,24,30
957910,1,1,1,64,71,86,100,0,50,86,22,4,3,3,2,7,2,0,0,100,100,80,74,28,23,30
958110,1,1,1,67,63,100,100,0,97,100,57,16,5,3,2,9,2,0,0,100,100,78,72,29,22,29
958310,1,1,1,79,76,100,100,0,21,100,73,15,7,10,3,8,7,0,0,100,100,77,72,29,22,30
958510,1,1,1,67,75,100,100,0,100,100,78,18,8,8,6,8,10,0,0,100,100,75,74,28,22,30
958710,1,1,1,53,54,100,100,0,100,100,62,6,9,7,5,5,10,0,0,100,100,76,77,27,22,30
958910,1,1,1,58,56,100,100,0,100,100,76,9,10,7,5,1,3,0,0,100,100,75,79,27,23,30
959110,1,1,1,73,67,100,100,0,93,100,70,9,6,7,3,2,3,0,0,100,100,75,82,27,24,32
959310,1,1,1,79,73,100,100,0,24,100,77,7,11,9,5,4,4,0,0,100,100,75,85,28,25,33
959510,1,1,1,69,72,100,100,0,99,100,55,9,7,5,4,6,5,0,0,100,100,75,88,28,26,34
959710,1,0,1,0,49,0,100,0,37,45,12,7,8,5,5,6,4,0,0,100,100,78,91,27,27,34
959910,1,0,1,0,49,0,100,0,27,30,9,3,3,7,5,7,4,0,0,100,100,78,94,26,28,34
960110,1,1,1,65,49,97,100,0,56,97,26,8,2,4,6,4,4,0,0,100,100,77,95,25,29,35
960310,1,1,1,77,75,100,100,0,54,100,89,10,8,7,4,1,2,0,0,100,100,78,96,23,29,34
960510,1,1,1,72,78,100,100,0,100,100,100,14,13,9,6,4,6,0,0,100,100,79,98,23,29,34
960710,1,1,1,53,62,100,100,0,100,100,93,9,3,12,6,8,10,0,0,100,100,78,100,24,30,36
960910,1,1,1,59,50,100,100,0,100,100,91,19,3,7,6,9,10,0,0,100,100,77,100,23,30,36
961110,1,1,1,63,60,100,100,0,100,100,77,11,5,10,5,9,2,0,0,100,100,77,100,22,30,36
961310,1,1,1,75,79,100,100,0,60,100,58,12,6,5,3,7,1,0,0,100,100,76,99,22,30,36
961510,1,0,1,0,72,0,100,0,18,31,5,7,2,4,3,7,1,0,0,100,100,76,98,21,30,36
961710,1,1,1,79,77,100,100,0,14,100,73,13,3,9,3,8,5,0,0,100,100,75,98,21,30,36
961910,1,1,1,70,73,100,100,0,100,100,87,16,6,11,4,6,10,0,0,100,100,74,98,21,29,36
962110,1,1,1,49,62,100,100,0,100,100,63,14,9,11,5,1,9,0,0,100,100,73,98,21,29,37
962310,1,1,1,57,52,100,100,0,100,100,55,6,11,9,4,1,5,0,0,100,100,73,98,20,28,37
962510,1,1,1,64,60,100,100,0,100,100,68,10,7,9,3,1,2,0,0,100,100,75,98,20,28,36
962710,1,1,1,73,69,100,100,0,65,100,55,8,5,6,5,1,3,0,0,100,100,76,98,21,28,37
962910,1,1,1,78,73,100,100,0,21,100,58,5,10,7,5,4,3,0,0,100,100,75,98,21,29,37
963110,1,1,1,69,75,100,100,0,62,100,34,8,7,2,6,6,4,0,0,100,100,75,97,22,30,37
963310,1,0,1,0,69,0,100,0,20,26,7,2,5,2,8,6,5,0,0,100,100,73,96,22,30,37
963510,1,0,1,0,69,0,100,0,18,23,8,2,5,3,9,6,6,0,0,100,100,72,95,23,30,37
963710,1,1,1,76,69,100,100,0,33,100,44,7,7,1,7,3,4,0,0,100,100,68,94,23,29,37
963910,1,1,1,79,78,100,100,0,19,100,95,9,10,11,4,2,4,0,0,100,100,66,93,22,28,36
964110,1,1,1,67,75,100,100,0,100,100,100,7,7,10,5,4,7,0,0,100,100,65,94,22,28,37
964310,1,1,1,51,60,100,100,0,100,100,100,10,2,11,7,9,9,0,0,100,100,65,98,23,30,39
964510,1,1,1,58,50,100,100,0,100,100,87,11,2,6,7,10,8,0,0,100,100,64,100,24,31,40
964710,1,1,1,70,65,100,100,0,100,100,73,13,5,8,7,8,4,0,0,100,100,63,100,25,31,41
964910,1,1,1,60,63,84,100,0,58,84,21,5,5,6,6,9,5,0,0,100,100,63,100,25,31,40
965110,1,1,1,73,60,100,100,0,41,100,34,5,4,2,5,6,2,0,0,100,100,61,99,25,30,40
965310,1,1,1,70,72,100,100,0,100,100,61,6,3,4,5,6,3,0,0,100,100,59,98,25,30,40
965510,1,1,1,56,65,100,100,0,100,100,79,13,1,11,6,2,7,0,0,100,100,57,97,25,30,39
965710,1,1,1,52,53,100,100,0,100,100,75,10,1,10,5,2,8,0,0,100,100,54,96,26,29,39
965910,1,1,1,65,54,100,100,0,100,100,71,9,8,8,5,2,6,0,0,100,100,53,96,26,29,39
966110,1,1,1,73,71,100,100,0,66,100,50,8,3,7,6,1,8,0,0,100,100,54,97,27,30,39
966310,1,1,1,74,72,100,100,0,47,100,40,10,3,6,7,2,6,0,0,100,100,55,98,28,30,40
966510,1,1,1,77,77,100,100,0,17,100,27,4,7,8,7,5,5,0,0,100,100,54,98,30,31,40
966710,1,1,1,62,72,74,100,0,50,74,25,4,7,3,6,4,2,0,0,100,100,53,97,30,31,40
966910,1,1,1,62,72,97,100,0,63,97,29,8,9,2,4,4,4,0,0,100,100,53,97,30,31,40
967110,1,0,1,0,70,0,100,0,27,31,9,7,4,3,5,5,5,0,0,100,100,52,96,30,30,40
967310,1,1,1,75,68,99,100,0,25,99,28,3,5,1,3,3,4,0,0,100,100,50,95,29,29,40
967510,1,1,1,79,77,100,100,0,26,100,100,9,9,10,1,1,4,0,0,100,100,49,93,28,28,39
967710,1,1,1,70,77,100,100,0,100,100,100,9,8,11,4,5,9,0,0,100,100,49,93,28,28,39
967910,1,1,1,53,64,100,100,0,100,100,100,8,1,12,9,9,8,0,0,100,100,50,97,30,30,41
968110,1,1,1,59,53,100,100,0,100,100,100,12,2,9,6,8,11,0,0,100,100,50,100,31,31,42
968310,1,1,1,76,68,100,100,0,75,100,92,18,8,9,5,8,8,0,0,100,100,51,100,31,31,42
968510,1,1,1,73,78,100,100,0,65,100,54,11,8,3,4,6,8,0,0,100,100,52,99,31,30,42
968710,1,1,1,52,72,67,100,0,55,67,17,4,1,3,4,6,1,0,0,100,100,53,97,30,29,41
968910,1,1,1,73,64,100,100,0,82,100,62,12,3,5,5,5,5,0,0,100,100,52,96,30,29,41
969110,1,1,1,72,76,100,100,0,100,100,81,13,2,9,4,5,9,0,0,100,100,50,95,29,29,40
969310,1,1,1,58,62,100,100,0,100,100,84,14,1,11,5,4,7,0,0,100,100,49,95,29,29,40
969510,1,1,1,53,52,100,100,0,100,100,70,10,1,8,6,4,8,0,0,100,100,48,95,29,28,40
969710,1,1,1,58,56,100,100,0,100,100,76,7,8,10,7,2,5,0,0,100,100,48,95,29,29,40
969910,1,1,1,75,67,100,100,0,64,100,73,10,7,8,5,1,8,0,0,100,100,51,97,29,29,41
970110,1,1,1,77,75,100,100,0,14,100,28,5,8,7,5,2,2,0,0,100,100,53,97,29,29,41
970310,1,1,1,75,76,95,100,0,26,95,26,8,10,7,7,3,3,0,0,100,100,53,97,30,30,41
970510,1,1,1,46,66,93,100,0,83,93,22,9,7,3,2,3,3,0,0,100,100,55,96,29,29,40
970710,1,0,1,0,63,0,100,0,13,9,4,4,4,3,2,3,3,0,0,100,100,56,96,28,29,40
970910,1,1,1,73,65,100,100,0,47,100,38,8,3,2,2,2,2,0,0,100,100,56,95,27,29,40
971110,1,1,1,78,76,100,100,0,33,100,90,6,9,9,2,1,4,0,0,100,100,54,94,26,28,39
971310,1,1,1,66,73,100,100,0,100,100,100,9,8,11,6,8,8,0,0,100,100,54,95,26,28,39
971510,1,1,1,51,57,100,100,0,100,100,100,16,5,12,6,11,7,0,0,100,100,55,99,27,30,40
971710,1,1,1,63,55,100,100,0,100,100,99,18,1,9,4,10,7,0,0,100,100,56,100,28,31,42
971910,1,1,1,72,64,100,100,0,99,100,68,4,4,9,6,6,7,0,0,100,100,56,100,28,30,42
972110,1,1,1,66,75,100,100,0,96,100,43,14,8,3,2,4,7,0,0,100,100,57,100,27,29,42
972310,1,0,1,0,66,0,100,0,17,20,6,4,4,1,1,3,3,0,0,100,100,57,99,26,29,41
972510,1,1,1,75,69,100,100,0,56,100,52,10,1,4,3,5,1,0,0,100,100,56,97,25,29,40
972710,1,1,1,75,77,100,100,0,80,100,95,11,4,9,6,8,4,0,0,100,100,53,96,24,29,39
972910,1,1,1,56,66,100,100,0,100,100,98,14,5,11,6,10,7,0,0,100,100,52,95,24,29,39
973110,1,1,1,55,53,100,100,0,100,100,71,8,2,6,6,6,7,0,0,100,100,52,95,24,28,39
973310,1,1,1,61,56,100,100,0,100,100,68,8,5,9,9,1,3,0,0,100,100,52,95,24,28,39
973510,1,1,1,72,67,100,100,0,77,100,56,8,7,6,7,1,9,0,0,100,100,54,97,25,29,40
973710,1,1,1,77,77,100,100,0,25,100,49,4,6,6,5,3,8,0,0,100,100,56,98,26,29,40
973910,1,1,1,75,78,100,100,0,42,100,44,6,10,8,2,3,3,0,0,100,100,56,97,27,30,40
974110,1,0,1,0,75,0,100,0,15,17,5,8,4,2,3,4,4,0,0,100,100,55,97,27,30,40
974310,1,0,1,0,75,0,100,0,33,46,13,7,4,2,3,4,4,0,0,100,100,55,97,27,29,40
974510,1,0,1,0,64,0,100,0,17,42,12,3,5,3,4,4,4,0,0,100,100,53,96,27,29,40
974710,1,1,1,78,77,100,100,0,24,100,89,9,9,7,3,1,4,0,0,100,100,51,95,27,29,40
974910,1,1,1,73,77,100,100,0,100,100,100,12,4,9,8,5,8,0,0,100,100,50,95,27,29,40
975110,1,1,1,58,66,100,100,0,100,100,100,8,9,13,11,10,8,0,0,100,100,51,97,28,30,41
975310,1,1,1,52,52,100,100,0,100,100,99,15,3,8,8,10,8,0,0,100,100,50,100,29,31,42
975510,1,1,1,68,59,100,100,0,100,100,96,17,1,7,5,8,7,0,0,100,100,50,100,29,31,43
975710,1,1,1,79,76,100,100,0,17,100,74,16,6,8,2,6,8,0,0,100,100,51,100,29,30,42
975910,1,1,1,48,73,51,100,0,44,51,5,5,6,3,2,4,8,0,0,100,100,51,100,28,30,42
976110,1,1,1,78,78,100,100,0,14,100,65,11,2,7,3,7,3,0,0,100,100,49,99,28,30,42
976310,1,1,1,71,75,100,100,0,100,100,92,10,7,7,7,7,1,0,0,100,100,46,98,28,31,42
976510,1,1,1,57,63,100,100,0,100,100,95,14,9,10,10,8,7,0,0,100,100,45,97,29,30,42
976710,1,1,1,54,53,100,100,0,100,100,84,10,3,5,11,7,8,0,0,100,100,45,96,30,30,42
976910,1,1,1,67,60,100,100,0,100,100,80,9,5,10,7,7,3,0,0,100,100,45,97,30,29,41
977110,1,1,1,78,73,100,100,0,22,100,54,4,9,4,3,2,8,0,0,100,100,46,98,31,30,42
977310,1,1,1,77,77,100,100,0,19,100,36,9,8,7,2,3,10,0,0,100,100,48,98,31,31,41
977510,1,1,1,72,77,87,100,0,33,87,25,7,9,7,1,4,5,0,0,100,100,49,97,31,31,41
977710,1,0,1,0,72,0,100,0,36,34,10,7,4,3,1,4,2,0,0,100,100,49,96,31,30,40
977910,1,1,1,69,66,70,100,0,33,70,21,6,4,3,1,3,1,0,0,100,100,49,95,30,30,40
978110,1,0,1,0,74,0,100,0,28,31,9,3,6,4,1,6,2,0,0,100,100,48,94,30,30,39
978310,1,1,1,76,73,100,100,0,27,100,42,3,5,1,2,4,3,0,0,100,100,47,93,29,29,38
978510,1,1,1,77,76,100,100,0,41,100,100,9,8,9,5,2,6,0,0,100,100,46,91,29,28,37
978710,1,1,1,66,75,100,100,0,100,100,100,8,6,12,11,8,10,0,0,100,100,45,92,29,29,38
978910,1,1,1,55,60,100,100,0,100,100,100,7,9,13,12,12,6,0,0,100,100,44,95,31,30,39
979110,1,1,1,57,53,100,100,0,100,100,86,9,8,10,4,6,10,0,0,100,100,44,97,31,31,40
979310,1,1,1,74,65,100,100,0,100,100,93,15,7,7,1,2,4,0,0,100,100,44,98,32,31,40
979510,1,1,1,76,77,100,100,0,32,100,52,10,6,5,2,3,8,0,0,100,100,46,97,32,30,40
979710,1,1,1,71,70,65,100,0,27,65,19,12,8,4,1,2,7,0,0,100,100,46,96,32,30,40
979910,1,1,1,64,53,100,100,0,100,100,62,7,1,6,3,1,4,0,0,100,100,46,96,32,29,40
980110,1,1,1,75,76,100,100,0,75,100,93,15,5,7,8,1,1,0,0,100,100,45,95,32,29,39
980310,1,1,1,63,70,100,100,0,100,100,77,11,9,10,9,2,3,0,0,100,100,45,96,32,29,39
980510,1,1,1,53,56,100,100,0,100,100,80,9,9,9,7,8,8,0,0,100,100,45,96,33,29,39
980710,1,1,1,58,54,100,100,0,100,100,81,8,5,5,8,11,6,0,0,100,100,44,96,32,29,39
980910,1,1,1,69,61,100,100,0,100,100,96,7,10,13,10,11,6,0,0,100,100,44,97,32,29,39
981110,1,1,1,77,75,100,100,0,39,100,75,8,6,6,8,3,9,0,0,100,100,45,98,32,29,40
981310,1,1,1,74,76,93,100,0,31,93,28,6,10,8,2,3,4,0,0,100,100,45,98,32,29,40
981510,1,1,1,77,76,100,100,0,20,100,32,5,6,1,2,4,3,0,0,100,100,45,99,32,30,41
981710,1,0,1,0,77,0,100,0,24,22,4,2,8,2,1,3,3,0,0,100,100,46,99,32,30,41
981910,1,1,1,66,77,73,100,0,42,73,23,4,4,4,1,4,2,0,0,100,100,46,99,33,30,41
982110,1,0,1,0,66,0,100,0,23,19,2,1,6,4,1,3,3,0,0,100,100,46,99,32,29,41
982310,1,1,1,79,77,100,100,0,22,100,97,11,4,8,4,2,4,0,0,100,100,46,99,32,29,41
982510,1,1,1,70,75,100,100,0,100,100,100,11,7,10,10,8,7,0,0,100,100,47,100,32,30,41
982710,1,1,1,56,62,100,100,0,100,100,99,3,4,12,12,11,6,0,0,100,100,48,100,33,31,42
982910,1,1,1,52,52,100,100,0,100,100,96,9,7,8,5,9,9,0,0,100,100,48,100,33,31,42
983110,1,1,1,68,58,100,100,0,100,100,74,13,6,3,3,1,4,0,0,100,100,48,100,33,30,42
983310,1,1,1,78,72,100,100,0,20,100,76,20,11,10,5,3,6,0,0,100,100,49,100,33,30,42
983510,1,0,1,0,77,0,100,0,17,50,11,3,4,3,4,4,4,0,0,100,100,48,100,32,30,41
983710,1,1,1,78,77,100,100,0,13,100,50,10,4,7,4,1,3,0,0,100,100,46,100,32,30,41
983910,1,1,1,72,78,100,100,0,100,100,98,17,10,7,1,2,2,0,0,100,100,44,100,32,30,41
984110,1,1,1,55,59,100,100,0,100,100,99,12,8,11,3,6,7,0,0,100,100,45,99,32,30,41
984310,1,1,1,55,52,100,100,0,100,100,66,8,6,10,6,8,9,0,0,100,100,44,99,31,30,40
984510,1,1,1,60,57,100,100,0,100,100,71,8,8,8,9,10,2,0,0,100,100,43,100,31,30,40
984710,1,1,1,70,63,100,100,0,86,100,53,8,3,10,10,9,5,0,0,100,100,44,100,30,31,40
984910,1,1,1,77,74,100,100,0,29,100,63,5,8,5,8,5,9,0,0,100,100,45,100,31,31,40
985110,1,1,1,73,77,100,100,0,37,100,32,8,10,9,3,3,5,0,0,100,100,45,100,31,31,40
985310,1,0,1,0,73,0,100,0,17,22,8,3,5,5,1,3,4,0,0,100,100,44,99,30,31,40
985510,1,0,1,0,75,0,100,0,18,37,11,2,5,2,2,4,4,0,0,100,100,43,98,30,31,39
985710,1,0,1,0,75,0,100,0,28,33,6,3,5,2,1,3,4,0,0,100,100,42,97,30,30,39
985910,1,1,1,76,71,100,100,0,38,100,58,6,5,5,3,2,5,0,0,100,100,40,96,30,30,38
986110,1,1,1,74,79,100,100,0,100,100,100,5,8,8,8,6,8,0,0,100,100,38,95,29,30,38
986310,1,1,1,56,66,100,100,0,100,100,100,11,7,14,11,11,4,0,0,100,100,38,97,30,31,39
986510,1,1,1,56,51,100,100,0,100,100,100,16,5,9,8,10,9,0,0,100,100,36,100,31,32,41
986710,1,1,1,71,62,100,100,0,100,100,96,20,9,7,3,8,4,0,0,100,100,36,100,31,31,42
986910,1,1,1,77,72,100,100,0,23,100,61,9,6,7,4,1,8,0,0,100,100,38,100,31,30,42
987110,1,1,1,61,69,100,100,0,100,100,42,16,10,3,1,4,8,0,0,100,100,41,99,31,29,41
987310,1,0,1,0,61,0,100,0,18,31,10,8,1,6,1,3,2,0,0,100,100,44,98,30,28,41
987510,1,1,1,67,61,100,100,0,100,100,57,12,8,3,2,4,4,0,0,100,100,44,97,30,28,40
987710,1,1,1,77,74,100,100,0,43,100,98,15,6,9,7,3,10,0,0,100,100,43,95,29,28,40
987910,1,1,1,60,73,100,100,0,100,100,97,15,10,13,8,3,4,0,0,100,100,44,95,29,27,39
988110,1,1,1,52,54,100,100,0,100,100,80,9,7,10,8,8,9,0,0,100,100,44,95,29,27,39
988310,1,1,1,58,56,100,100,0,100,100,68,6,8,6,9,7,5,0,0,100,100,43,96,30,27,40
988510,1,1,1,68,63,100,100,0,100,100,66,8,8,12,8,9,5,0,0,100,100,45,97,30,27,40
988710,1,1,1,75,75,100,100,0,50,100,51,7,7,3,2,3,7,0,0,100,100,46,97,31,27,40
988910,1,1,1,77,79,100,100,0,20,100,48,10,9,10,2,2,8,0,0,100,100,48,97,30,27,40
989110,1,1,1,72,76,68,100,0,26,68,19,5,6,4,1,3,2,0,0,100,100,49,98,30,27,40
989310,1,0,1,0,72,0,100,0,17,14,4,2,5,2,1,2,2,0,0,100,100,50,97,30,27,40
989510,1,1,1,77,72,100,100,0,16,100,28,6,5,2,2,2,3,0,0,100,100,50,97,30,27,40
989710,1,1,1,76,77,100,100,0,44,100,72,12,8,10,5,2,4,0,0,100,100,49,96,29,26,40
989910,1,1,1,71,75,100,100,0,100,100,100,6,6,10,9,9,9,0,0,100,100,49,97,29,26,40
990110,1,1,1,54,59,100,100,0,100,100,100,10,5,13,11,10,5,0,0,100,100,49,99,30,27,41
990310,1,1,1,59,52,100,100,0,100,100,100,19,7,9,5,9,9,0,0,100,100,48,100,31,27,41
990510,1,1,1,75,66,100,100,0,63,100,75,14,9,7,3,2,6,0,0,100,100,50,100,31,27,41
990710,1,1,1,75,77,100,100,0,51,100,49,11,7,4,4,3,9,0,0,100,100,52,99,31,26,41
990910,1,1,1,48,75,100,100,0,92,100,19,4,3,2,4,3,7,0,0,100,100,52,98,31,25,40
991110,1,1,1,75,59,100,100,0,41,100,40,7,4,3,6,3,3,0,0,100,100,50,97,31,26,40
991310,1,1,1,75,77,100,100,0,57,100,65,4,6,10,6,2,1,0,0,100,100,45,96,31,26,40
991510,1,1,1,66,73,100,100,0,100,100,100,14,9,12,8,5,4,0,0,100,100,43,95,30,26,39
991710,1,1,1,53,57,100,100,0,100,100,83,11,7,10,7,8,8,0,0,100,100,43,95,30,26,40
991910,1,1,1,58,53,100,100,0,100,100,98,8,6,7,8,11,2,0,0,100,100,43,96,30,26,40
992110,1,1,1,71,66,100,100,0,100,100,85,7,6,12,8,9,8,0,0,100,100,43,97,30,26,40
992310,1,1,1,75,76,100,100,0,33,100,32,5,9,4,8,4,8,0,0,100,100,46,98,31,26,41
992510,1,1,1,77,76,100,100,0,19,100,37,7,7,8,3,1,6,0,0,100,100,47,98,31,27,41
992710,1,0,1,0,74,0,100,0,20,23,10,4,7,3,3,1,4,0,0,100,100,48,97,31,27,41
992910,1,1,1,75,74,90,100,0,25,90,27,8,6,3,2,2,3,0,0,100,100,48,96,31,26,40
993110,1,1,1,75,59,100,100,0,33,100,32,8,8,5,3,2,2,0,0,100,100,47,95,31,26,40
993310,1,1,1,73,75,100,100,0,38,100,29,1,6,3,1,3,3,0,0,100,100,47,94,31,25,39
993510,1,1,1,78,77,100,100,0,22,100,70,3,7,8,4,2,5,0,0,100,100,47,93,30,25,39
993710,1,1,1,71,76,100,100,0,100,100,100,8,9,10,8,8,8,0,0,100,100,46,93,31,25,39
993910,1,1,1,56,62,100,100,0,100,100,100,5,6,14,12,9,7,0,0,100,100,47,96,32,26,40
994110,1,1,1,59,51,100,100,0,100,100,100,12,5,9,4,9,9,0,0,100,100,47,98,32,26,41
994310,1,1,1,74,64,100,100,0,100,100,92,20,7,7,4,7,8,0,0,100,100,49,98,33,26,41
994510,1,1,1,75,78,100,100,0,48,100,46,16,10,7,3,5,8,0,0,100,100,50,97,32,25,41
994710,1,1,1,70,72,100,100,0,52,100,34,10,8,2,2,6,5,0,0,100,100,51,97,32,26,40
994910,1,1,1,55,59,100,100,0,100,100,41,8,4,4,3,6,1,0,0,100,100,51,97,31,26,40
995110,1,1,1,75,62,100,100,0,55,100,61,11,5,5,6,4,4,0,0,100,100,51,97,31,26,40
995310,1,1,1,74,78,100,100,0,83,100,74,5,7,10,7,2,5,0,0,100,100,51,96,30,26,40
995510,1,1,1,60,69,100,100,0,100,100,99,15,11,13,8,4,6,0,0,100,100,51,96,31,26,41
995710,1,1,1,53,54,100,100,0,100,100,85,10,7,11,9,9,8,0,0,100,100,51,97,31,26,40
995910,1,1,1,61,56,100,100,0,100,100,91,9,7,10,8,10,5,0,0,100,100,51,97,31,27,40
996110,1,1,1,73,69,100,100,0,78,100,66,8,4,9,8,9,7,0,0,100,100,51,97,31,27,40
996310,1,1,1,75,77,92,100,0,25,92,25,5,8,4,6,4,8,0,0,100,100,50,96,31,27,40
996510,1,1,1,77,76,100,100,0,19,100,35,5,6,6,2,2,7,0,0,100,100,51,97,31,27,40
996710,1,0,1,0,77,0,100,0,23,25,9,5,4,6,4,1,4,0,0,100,100,50,97,31,27,40
996910,1,1,1,72,73,100,100,0,44,100,32,7,6,3,2,2,4,0,0,100,100,50,96,31,27,40
997110,1,1,1,68,73,71,100,0,34,71,17,6,7,6,2,3,3,0,0,100,100,50,96,31,27,40
997310,1,1,1,77,75,100,100,0,31,100,78,9,8,7,4,2,5,0,0,100,100,50,96,30,26,40
997510,1,1,1,75,78,100,100,0,100,100,91,8,7,7,8,6,8,0,0,100,100,49,96,30,27,40
997710,1,1,1,57,66,100,100,0,100,100,100,7,5,11,12,10,5,0,0,100,100,49,98,31,27,41
997910,1,1,1,50,55,100,100,0,100,100,95,12,4,10,7,9,9,0,0,100,100,48,98,31,27,41
998110,1,1,1,69,62,100,100,0,100,100,87,11,3,5,4,6,5,0,0,100,100,48,98,31,27,41
998310,1,1,1,78,75,100,100,0,13,100,75,21,10,9,6,6,7,0,0,100,100,49,97,31,27,41
998510,1,1,1,69,73,100,100,0,77,100,39,9,8,2,3,8,8,0,0,100,100,50,97,31,26,41
998710,1,1,1,49,69,100,100,0,94,100,23,3,5,2,3,7,5,0,0,100,100,49,96,31,26,41
998910,1,1,1,72,61,100,100,0,82,100,53,11,6,5,5,5,1,0,0,100,100,47,96,31,27,41
999110,1,1,1,75,78,100,100,0,94,100,95,14,10,6,8,3,2,0,0,100,100,45,96,31,27,40
999310,1,1,1,60,66,100,100,0,100,100,100,12,10,12,6,4,6,0,0,100,100,46,96,31,27,40
999510,1,1,1,53,54,100,100,0,100,100,90,6,5,9,7,8,9,0,0,100,100,46,96,31,26,40
999710,1,1,1,64,58,100,100,0,100,100,97,7,6,11,6,10,4,0,0,100,100,45,97,31,26,40
999910,1,1,1,75,70,100,100,0,84,100,77,10,11,4,8,9,7,0,0,100,100,48,98,31,26,41
1000110,1,1,1,76,76,93,100,0,20,93,28,3,7,6,6,3,7,0,0,100,100,49,98,32,26,41
1000310,1,1,1,77,76,100,100,0,17,100,31,6,9,9,2,2,4,0,0,100,100,50,98,32,26,41
1000510,1,0,1,0,77,0,100,0,31,24,10,9,8,3,2,2,4,0,0,100,100,51,97,32,26,40
1000710,1,1,1,71,72,100,100,0,45,100,31,11,9,5,2,2,2,0,0,100,100,51,97,32,26,40
1000910,1,1,1,72,73,56,100,0,19,56,13,5,3,4,3,2,3,0,0,100,100,51,96,32,26,40
1001110,1,1,1,77,76,100,100,0,44,100,100,5,8,10,7,4,7,0,0,100,100,49,96,31,25,39
1001310,1,1,1,66,75,100,100,0,100,100,100,8,8,11,10,9,10,0,0,100,100,49,96,31,25,40
1001510,1,1,1,52,56,100,100,0,100,100,100,12,4,12,12,9,7,0,0,100,100,49,99,32,26,41
1001710,1,1,1,56,52,100,100,0,100,100,90,11,8,8,3,8,7,0,0,100,100,49,100,33,27,42
1001910,1,1,1,75,70,100,100,0,63,100,71,11,3,7,4,5,4,0,0,100,100,50,100,33,26,42
1002110,1,1,1,74,78,100,100,0,71,100,64,17,12,3,5,7,8,0,0,100,100,53,100,33,25,42
1002310,1,0,1,0,73,0,100,0,30,40,9,2,5,1,4,8,5,0,0,100,100,54,99,33,25,42
1002510,1,1,1,68,67,100,100,0,97,100,48,10,5,4,5,5,3,0,0,100,100,52,99,32,25,42
1002710,1,1,1,76,75,100,100,0,60,100,92,18,9,10,10,2,1,0,0,100,100,48,98,32,26,41
1002910,1,1,1,59,65,100,100,0,100,100,91,13,11,12,7,4,4,0,0,100,100,47,98,32,26,41
1003110,1,1,1,53,57,100,100,0,100,100,80,7,6,10,7,6,9,0,0,100,100,49,97,32,26,41
1003310,1,1,1,58,54,100,100,0,100,100,76,6,4,6,8,9,3,0,0,100,100,48,98,32,26,41
1003510,1,1,1,68,60,100,100,0,100,100,60,3,4,10,8,9,4,0,0,100,100,48,98,32,26,41
1003710,1,1,1,75,73,100,100,0,59,100,70,8,7,5,4,8,8,0,0,100,100,49,99,33,26,42
1003910,1,1,1,76,78,100,100,0,24,100,37,5,8,8,1,2,7,0,0,100,100,49,98,33,27,42
1004110,1,0,1,0,76,0,100,0,20,43,15,4,8,5,2,1,4,0,0,100,100,49,98,33,27,41
1004310,1,0,1,0,77,0,100,0,28,49,14,9,8,2,1,2,3,0,0,100,100,48,97,33,27,41
1004510,1,1,1,59,77,51,100,0,34,51,11,7,8,2,2,2,4,0,0,100,100,47,97,33,27,41
1004710,1,1,1,77,59,100,100,0,19,100,34,3,8,3,3,3,3,0,0,100,100,46,96,32,27,41
1004910,1,1,1,77,77,100,100,0,36,100,70,1,8,8,5,5,7,0,0,100,100,44,95,32,26,40
1005110,1,1,1,67,73,100,100,0,100,100,100,9,8,12,11,10,9,0,0,100,100,44,96,32,27,40
1005310,1,1,1,52,60,100,100,0,100,100,100,6,4,12,11,8,6,0,0,100,100,44,97,32,27,41
1005510,1,1,1,59,53,100,100,0,100,100,98,13,5,10,2,7,10,0,0,100,100,43,98,33,28,41
1005710,1,1,1,65,59,100,100,0,100,100,63,9,9,4,4,5,2,0,0,100,100,44,98,33,27,41
1005910,1,1,1,76,77,100,100,0,30,100,50,12,4,9,8,8,6,0,0,100,100,44,97,33,27,41
1006110,1,1,1,70,75,100,100,0,74,100,41,13,13,3,6,8,9,0,0,100,100,45,97,33,27,41
1006310,1,1,1,70,70,75,100,0,29,75,15,4,5,1,4,8,7,0,0,100,100,44,97,33,27,41
1006510,1,1,1,70,67,100,100,0,80,100,45,8,4,4,7,5,3,0,0,100,100,44,96,33,27,40
1006710,1,1,1,75,75,100,100,0,81,100,100,19,7,10,9,1,1,0,0,100,100,44,96,33,27,40
1006910,1,1,1,59,65,100,100,0,100,100,95,8,9,11,7,2,6,0,0,100,100,44,96,33,27,40
1007110,1,1,1,53,55,100,100,0,100,100,73,13,5,11,4,5,9,0,0,100,100,44,96,33,27,40
1007310,1,1,1,59,54,100,100,0,100,100,80,2,1,7,8,8,2,0,0,100,100,43,97,33,27,40
1007510,1,1,1,69,62,100,100,0,100,100,60,4,6,11,11,8,6,0,0,100,100,44,97,33,27,40
1007710,1,1,1,78,75,100,100,0,28,100,66,10,8,4,10,8,9,0,0,100,100,44,97,33,27,40
1007910,1,1,1,76,78,99,100,0,16,99,26,6,9,8,5,9,4,0,0,100,100,45,97,33,27,40
1008110,1,1,1,73,76,53,100,0,17,53,14,4,6,5,2,3,3,0,0,100,100,46,97,33,27,40
1008310,1,0,1,0,76,0,100,0,19,42,15,8,6,2,2,2,2,0,0,100,100,46,97,33,27,40
1008510,1,0,1,0,76,0,100,0,37,41,12,9,2,3,3,3,2,0,0,100,100,46,97,32,26,40
1008710,1,1,1,77,70,100,100,0,19,100,44,5,1,4,5,4,2,0,0,100,100,46,96,32,27,40
1008910,1,1,1,75,78,100,100,0,100,100,100,4,5,8,10,7,7,0,0,100,100,46,97,32,27,40
1009110,1,1,1,60,68,100,100,0,100,100,100,4,11,12,11,9,6,0,0,100,100,47,97,33,27,40
1009310,1,1,1,52,54,100,100,0,100,100,100,11,1,11,6,9,8,0,0,100,100,47,98,33,27,40
1009510,1,1,1,60,58,100,100,0,100,100,90,12,5,8,4,3,6,0,0,100,100,47,98,33,27,40
1009710,1,1,1,75,65,100,100,0,59,100,71,8,7,7,8,7,6,0,0,100,100,48,97,33,27,40
1009910,1,1,1,70,76,100,100,0,89,100,45,14,10,7,10,8,8,0,0,100,100,49,97,32,26,40
1010110,1,1,1,69,69,75,100,0,32,75,16,10,9,1,8,8,7,0,0,100,100,50,96,32,26,40
1010310,1,1,1,69,70,100,100,0,56,100,28,4,5,2,4,6,3,0,0,100,100,49,96,32,26,40
1010510,1,1,1,71,69,100,100,0,100,100,79,15,9,8,8,4,3,0,0,100,100,49,96,32,26,39
1010710,1,1,1,69,78,100,100,0,100,100,88,16,9,7,8,1,2,0,0,100,100,49,96,32,26,40
1010910,1,1,1,56,60,100,100,0,100,100,90,10,5,10,5,2,8,0,0,100,100,50,96,32,26,40
1011110,1,1,1,55,52,100,100,0,100,100,89,2,2,7,5,6,8,0,0,100,100,49,96,32,26,40
1011310,1,1,1,63,58,100,100,0,100,100,78,5,5,11,8,9,4,0,0,100,100,50,97,32,26,40
1011510,1,1,1,74,70,100,100,0,79,100,72,8,6,3,9,9,7,0,0,100,100,51,97,32,26,40
1011710,1,1,1,78,77,100,100,0,21,100,60,8,9,8,6,6,7,0,0,100,100,52,97,33,26,40
1011910,1,0,1,0,77,0,100,0,17,40,14,8,7,2,3,2,2,0,0,100,100,52,97,33,26,40
1012110,1,1,1,76,77,97,100,0,21,97,28,11,2,5,1,4,3,0,0,100,100,53,97,33,26,41
1012310,1,1,1,74,75,63,100,0,15,63,13,2,3,3,3,3,3,0,0,100,100,53,97,33,26,40
1012510,1,1,1,78,78,100,100,0,16,100,50,9,9,5,4,5,3,0,0,100,100,52,96,33,26,40
1012710,1,1,1,75,78,100,100,0,94,100,90,3,6,8,8,8,8,0,0,100,100,51,96,33,26,40
1012910,1,1,1,60,70,100,100,0,100,100,100,9,10,13,11,9,8,0,0,100,100,51,98,34,27,41
1013110,1,1,1,51,54,100,100,0,100,100,94,11,3,12,8,8,8,0,0,100,100,51,99,35,27,42
1013310,1,1,1,64,56,100,100,0,100,100,91,12,9,9,3,3,6,0,0,100,100,51,100,35,27,42
1013510,1,1,1,65,67,100,100,0,100,100,63,14,1,9,5,6,4,0,0,100,100,53,100,35,27,43
1013710,1,1,1,75,70,72,100,0,13,72,14,5,3,5,6,5,3,0,0,100,100,53,99,34,27,43
1013910,1,1,1,76,76,100,100,0,28,100,47,7,3,1,2,3,1,0,0,100,100,51,99,34,27,42
1014110,1,1,1,65,72,100,100,0,100,100,100,13,9,11,2,1,4,0,0,100,100,46,98,34,28,42
1014310,1,1,1,54,56,100,100,0,100,100,96,9,3,10,6,4,7,0,0,100,100,43,97,34,28,41
1014510,1,1,1,58,53,100,100,0,100,100,100,9,4,8,9,8,7,0,0,100,100,42,97,34,28,41
1014710,1,1,1,71,64,100,100,0,100,100,91,5,6,9,8,11,6,0,0,100,100,42,98,34,28,42
1014910,1,1,1,76,75,100,100,0,30,100,38,8,6,4,5,10,6,0,0,100,100,41,100,35,28,42
1015110,1,1,1,78,77,100,100,0,19,100,45,9,7,8,6,7,8,0,0,100,100,43,100,35,28,42
1015310,1,0,1,0,76,0,100,0,27,33,13,7,6,2,2,3,3,0,0,100,100,45,100,35,28,42
1015510,1,1,1,72,72,100,100,0,57,100,41,8,7,4,2,2,2,0,0,100,100,45,99,35,28,41
1015710,1,1,1,69,75,97,100,0,46,97,25,6,2,5,2,2,1,0,0,100,100,45,98,35,28,41
1015910,1,1,1,76,75,100,100,0,39,100,48,4,5,3,2,4,3,0,0,100,100,43,96,34,28,40
1016110,1,1,1,79,76,100,100,0,20,100,86,9,9,9,6,6,6,0,0,100,100,41,94,33,27,39
1016310,1,1,1,67,75,100,100,0,100,100,100,7,7,9,9,10,9,0,0,100,100,39,93,33,27,39
1016510,1,1,1,56,63,100,100,0,100,100,100,2,10,12,8,9,4,0,0,100,100,38,95,33,28,40
1016710,1,1,1,55,52,100,100,0,100,100,96,11,4,8,6,1,10,0,0,100,100,38,99,35,30,41
1016910,1,1,1,67,61,100,100,0,100,100,79,15,9,3,3,5,3,0,0,100,100,39,100,36,30,43
1017110,1,1,1,77,73,100,100,0,16,100,59,14,5,8,7,7,5,0,0,100,100,41,100,36,29,43
1017310,1,1,1,74,74,100,100,0,33,100,27,9,9,4,9,7,8,0,0,100,100,44,100,36,28,43
1017510,1,0,1,0,55,0,100,0,23,33,10,8,7,3,8,7,7,0,0,100,100,45,100,36,28,42
1017710,1,1,1,75,72,100,100,0,62,100,56,8,2,6,3,5,4,0,0,100,100,43,98,36,27,42
1017910,1,1,1,74,77,100,100,0,100,100,95,13,6,6,1,3,1,0,0,100,100,43,98,36,28,41
1018110,1,1,1,59,66,100,100,0,100,100,89,10,8,13,3,1,6,0,0,100,100,43,98,36,28,41
1018310,1,1,1,53,53,100,100,0,100,100,100,11,5,10,8,4,9,0,0,100,100,43,99,36,28,41
1018510,1,1,1,63,57,100,100,0,100,100,95,4,4,10,9,9,3,0,0,100,100,43,100,36,28,41
1018710,1,1,1,69,68,100,100,0,91,100,52,4,7,8,6,10,5,0,0,100,100,44,100,36,28,41
1018910,1,1,1,75,75,100,100,0,48,100,54,11,7,5,6,10,8,0,0,100,100,45,100,36,28,42
1019110,1,1,1,76,76,82,100,0,20,82,26,3,6,8,6,8,7,0,0,100,100,45,100,35,29,42
1019310,1,1,1,75,74,100,100,0,51,100,55,10,11,10,8,5,4,0,0,100,100,46,100,36,28,42
1019510,1,1,1,69,76,99,100,0,46,99,25,6,6,6,2,4,2,0,0,100,100,47,100,36,28,42
1019710,1,0,1,0,69,0,100,0,22,26,9,3,2,4,2,3,1,0,0,100,100,47,100,35,28,42
1019910,1,0,1,0,69,0,100,0,17,17,4,6,4,6,2,3,2,0,0,100,100,48,100,35,29,42
1020110,1,1,1,76,73,100,100,0,19,100,29,2,1,3,3,4,3,0,0,100,100,49,100,36,29,42
1020310,1,1,1,78,75,100,100,0,16,100,57,8,3,5,6,6,5,0,0,100,100,49,100,35,28,42
1020510,1,1,1,75,78,100,100,0,90,100,92,2,8,10,9,10,8,0,0,100,100,49,97,34,27,41
1020710,1,1,1,61,68,100,100,0,100,100,100,6,10,12,8,9,6,0,0,100,100,51,95,33,27,40
1020910,1,1,1,50,55,100,100,0,100,100,93,6,10,11,9,6,7,0,0,100,100,51,95,33,27,39
1021110,1,1,1,56,55,100,100,0,100,100,81,10,9,10,2,3,9,0,0,100,100,49,96,33,28,39
1021310,1,1,1,72,59,100,100,0,100,100,70,11,8,2,3,5,2,0,0,100,100,46,97,33,29,39
1021510,1,1,1,77,77,100,100,0,18,100,53,11,8,10,5,7,5,0,0,100,100,45,98,33,29,39
1021710,1,1,1,73,75,100,100,0,35,100,25,13,9,7,7,9,7,0,0,100,100,49,99,33,29,40
1021910,1,0,1,0,73,0,100,0,18,17,7,5,6,1,7,6,7,0,0,100,100,53,99,34,28,40
1022110,1,1,1,62,63,100,100,0,100,100,51,11,2,4,4,7,4,0,0,100,100,55,99,34,27,41
1022310,1,1,1,75,73,100,100,0,65,100,76,15,8,9,1,3,1,0,0,100,100,54,100,34,28,41
1022510,1,1,1,63,69,100,100,0,100,100,87,6,6,12,1,1,4,0,0,100,100,55,99,34,28,41
1022710,1,1,1,53,57,100,100,0,100,100,100,12,3,9,6,3,8,0,0,100,100,54,97,33,28,40
1022910,1,1,1,58,55,100,100,0,100,100,93,2,8,9,9,6,6,0,0,100,100,52,97,33,28,40
1023110,1,1,1,74,68,100,100,0,100,100,98,10,6,8,8,10,6,0,0,100,100,52,97,33,28,40
1023310,1,1,1,78,77,100,100,0,22,100,69,7,8,9,9,10,8,0,0,100,100,53,99,33,29,40
1023510,1,1,1,75,75,59,100,0,20,59,20,7,4,4,6,8,5,0,0,100,100,53,99,33,29,40
1023710,1,1,1,74,73,89,100,0,27,89,23,6,8,6,6,3,1,0,0,100,100,53,100,33,29,40
1023910,1,0,1,0,74,0,100,0,21,38,9,7,6,5,3,1,1,0,0,100,100,54,100,33,29,40
1024110,1,1,1,59,52,65,100,0,46,65,17,4,5,8,3,4,1,0,0,100,100,54,100,33,29,40
1024310,1,1,1,75,75,100,100,0,53,100,49,7,2,4,2,5,2,0,0,100,100,55,100,34,30,41
1024510,1,1,1,73,79,100,100,0,100,100,100,7,8,10,6,9,9,0,0,100,100,56,100,34,30,41
1024710,1,1,1,58,66,100,100,0,100,100,100,8,7,12,8,10,7,0,0,100,100,56,100,34,30,41
1024910,1,1,1,55,52,100,100,0,100,100,100,10,9,11,5,3,9,0,0,100,100,56,100,34,30,41
1025110,1,1,1,66,57,100,100,0,100,100,71,12,8,3,3,5,2,0,0,100,100,57,100,34,30,41
1025310,1,1,1,76,76,100,100,0,27,100,54,9,5,8,7,8,4,0,0,100,100,58,100,34,29,40
1025510,1,1,1,73,74,100,100,0,45,100,29,13,9,2,8,7,8,0,0,100,100,60,100,33,29,40
1025710,1,1,1,66,73,100,100,0,81,100,31,8,5,4,5,3,5,0,0,100,100,59,99,33,29,39
1025910,1,1,1,74,70,100,100,0,95,100,78,12,6,11,2,3,3,0,0,100,100,55,99,33,30,39
1026110,1,1,1,65,76,100,100,0,100,100,98,12,9,12,1,2,3,0,0,100,100,53,99,33,31,39
1026310,1,1,1,52,56,100,100,0,100,100,92,11,6,12,5,1,8,0,0,100,100,52,99,33,31,39
1026510,1,1,1,58,56,100,100,0,100,100,98,5,10,9,6,5,7,0,0,100,100,52,100,32,30,39
1026710,1,1,1,62,60,100,100,0,100,100,98,8,8,6,8,8,6,0,0,100,100,53,100,33,31,39
1026910,1,1,1,58,79,100,100,0,100,100,100,18,9,5,5,1,8,0,0,100,100,56,98,33,32,39
1027110,1,1,1,67,64,100,100,0,100,100,96,22,19,10,9,5,7,0,0,100,100,57,96,32,33,39
1027310,1,1,1,73,72,100,100,0,100,100,100,12,15,4,6,1,5,0,0,100,100,65,93,32,32,39
1027510,1,1,1,82,83,100,100,0,58,100,100,26,13,2,5,1,10,0,0,100,100,70,89,34,32,39
1027710,1,1,1,81,74,100,100,0,34,100,100,27,10,3,10,5,8,0,0,100,100,74,87,33,35,39
1027910,1,1,1,77,70,100,100,0,100,100,100,23,31,11,9,10,11,0,0,100,100,79,85,37,36,40
1028110,1,1,1,51,61,100,100,0,100,100,100,24,11,12,8,11,8,0,0,100,100,87,86,38,38,43
1028310,1,1,1,69,53,100,100,0,100,100,100,37,30,11,6,9,10,0,0,100,100,90,88,40,41,47
1028510,1,1,1,52,67,100,100,0,100,100,100,5,2,8,8,7,10,0,0,100,100,96,89,43,42,50
1028710,1,1,1,43,57,79,100,0,74,79,12,9,9,3,5,2,1,0,0,100,100,100,87,44,42,51
1028910,1,1,1,47,48,100,100,0,100,100,27,8,6,2,4,2,4,0,0,100,100,100,83,44,41,50
