timestamp_ms,radar_presence,moving_target,stationary_target,moving_distance_cm,stationary_distance_cm,moving_energy,stationary_energy,pir_presence,menergy_gate0,menergy_gate1,menergy_gate2,menergy_gate3,menergy_gate4,menergy_gate5,menergy_gate6,menergy_gate7,menergy_gate8,senergy_gate0,senergy_gate1,senergy_gate2,senergy_gate3,senergy_gate4,senergy_gate5,senergy_gate6,senergy_gate7,senergy_gate8,light_level,out_level,pc_time_s,group_id,trial_id,scenario,ground_truth_presence,ground_truth_state,vitality_onboard,vitality_class_onboard
546528,1,1,1,208,215,100,100,1,24,24,100,100,63,23,14,21,23,0,0,100,100,100,100,60,100,100,31,1,1789124573.790000,G1,T01,Movimento,1,unknown,91,vitalita_moderata
546728,1,1,1,220,168,100,100,1,16,20,52,100,36,14,13,7,9,0,0,100,100,100,100,62,100,100,31,1,1789124573.990000,G1,T01,Movimento,1,unknown,90,vitalita_moderata
546928,1,1,1,199,181,100,100,1,18,20,100,100,58,11,2,7,10,0,0,100,100,100,100,63,100,100,31,1,1789124574.190000,G1,T01,Movimento,1,unknown,91,vitalita_moderata
547128,1,1,1,214,182,93,100,1,18,21,60,93,33,8,9,11,11,0,0,100,100,100,100,63,100,100,31,1,1789124574.390000,G1,T01,Movimento,1,unknown,90,vitalita_moderata
547328,1,1,1,183,197,100,100,1,16,35,100,100,42,6,12,30,22,0,0,100,100,100,100,62,100,100,31,1,1789124574.590000,G1,T01,Movimento,1,unknown,91,vitalita_moderata
547528,1,1,1,177,179,100,100,1,18,36,100,100,58,16,7,9,10,0,0,100,100,100,100,61,100,100,31,1,1789124574.790000,G1,T01,Movimento,1,unknown,92,vitalita_moderata
547728,1,1,1,217,165,58,100,1,15,12,38,58,28,11,9,4,6,0,0,100,100,100,100,59,100,100,31,1,1789124574.990000,G1,T01,Movimento,1,unknown,90,vitalita_moderata
547928,1,1,1,198,193,100,100,1,18,16,87,100,25,4,6,6,2,0,0,100,100,100,100,58,100,100,31,1,1789124575.190000,G1,T01,Movimento,1,unknown,91,vitalita_moderata
548128,1,1,1,170,158,43,100,1,17,23,43,37,25,10,12,24,21,0,0,100,100,100,100,59,100,100,31,1,1789124575.390000,G1,T01,Movimento,1,unknown,89,vitalita_moderata
548328,1,1,1,175,185,100,100,1,16,46,100,100,18,30,9,20,18,0,0,100,100,100,100,62,100,100,31,1,1789124575.590000,G1,T01,Movimento,1,unknown,90,vitalita_moderata
548528,1,1,1,176,160,100,100,1,19,44,100,100,31,21,6,9,7,0,0,100,100,100,100,63,100,100,31,1,1789124575.790000,G1,T01,Movimento,1,unknown,91,vitalita_moderata
548728,1,1,1,225,217,100,100,1,24,15,87,100,87,8,9,6,9,0,0,100,100,100,100,64,100,100,31,1,1789124575.990000,G1,T01,Movimento,1,unknown,92,vitalita_moderata
548928,1,1,1,150,192,100,100,1,17,50,100,53,24,22,5,24,28,0,0,100,100,100,100,62,100,100,31,1,1789124576.190000,G1,T01,Movimento,1,unknown,93,vitalita_moderata
549128,1,1,1,161,189,100,100,1,16,24,100,79,20,5,7,17,18,0,0,100,100,100,100,60,100,100,31,1,1789124576.390000,G1,T01,Movimento,1,unknown,94,vitalita_moderata
549328,1,1,1,193,211,100,100,1,15,36,100,100,30,4,6,8,10,0,0,100,100,100,100,62,100,100,31,1,1789124576.590000,G1,T01,Movimento,1,unknown,94,vitalita_moderata
549528,1,1,1,166,171,100,100,1,16,30,100,82,23,8,2,17,16,0,0,100,100,100,100,62,100,100,31,1,1789124576.790000,G1,T01,Movimento,1,unknown,95,vitalita_alta
549728,1,1,1,169,164,100,100,1,16,47,100,100,35,18,2,19,16,0,0,100,100,100,100,61,100,100,31,1,1789124576.990000,G1,T01,Movimento,1,unknown,96,vitalita_alta
549928,1,1,1,182,185,51,100,1,14,23,51,49,29,23,10,14,23,0,0,100,100,100,100,63,100,100,31,1,1789124577.190000,G1,T01,Movimento,1,unknown,94,vitalita_moderata
550128,1,1,1,172,167,69,100,1,16,20,69,57,15,12,6,9,10,0,0,100,100,100,100,64,100,100,31,1,1789124577.390000,G1,T01,Movimento,1,unknown,93,vitalita_moderata
550328,1,1,1,158,171,74,100,1,15,26,74,43,42,9,13,2,3,0,0,100,100,100,100,65,100,100,31,1,1789124577.590000,G1,T01,Movimento,1,unknown,93,vitalita_moderata
550528,1,1,1,167,198,100,100,1,15,30,100,82,18,9,10,20,20,0,0,100,100,100,100,62,100,100,31,1,1789124577.790000,G1,T01,Movimento,1,unknown,94,vitalita_moderata
550728,1,1,1,154,159,100,100,1,13,26,100,47,33,5,11,19,16,0,0,100,100,100,94,60,100,100,31,1,1789124577.990000,G1,T01,Movimento,1,unknown,95,vitalita_moderata
550928,1,1,1,199,159,100,100,1,18,10,91,100,20,7,2,9,4,0,0,100,100,100,93,59,100,100,31,1,1789124578.190000,G1,T01,Movimento,1,unknown,95,vitalita_alta
551128,1,1,1,168,182,79,100,1,15,28,79,61,14,5,3,8,9,0,0,100,100,100,89,60,100,100,31,1,1789124578.390000,G1,T01,Movimento,1,unknown,95,vitalita_moderata
551328,1,1,1,169,170,78,100,1,18,31,78,63,29,23,14,11,7,0,0,100,100,100,92,59,100,100,31,1,1789124578.590000,G1,T01,Movimento,1,unknown,94,vitalita_moderata
551528,1,1,1,158,210,100,100,1,20,31,100,61,34,20,11,22,17,0,0,100,100,100,92,59,100,100,31,1,1789124578.790000,G1,T01,Movimento,1,unknown,95,vitalita_alta
551728,1,1,1,170,189,100,100,1,15,29,100,89,10,20,7,21,19,0,0,100,100,100,99,61,100,100,31,1,1789124578.990000,G1,T01,Movimento,1,unknown,96,vitalita_alta
551928,1,1,1,200,170,100,100,1,20,13,100,100,58,14,2,6,5,0,0,100,100,100,100,63,100,100,31,1,1789124579.190000,G1,T01,Movimento,1,unknown,97,vitalita_alta
552128,1,1,1,214,208,100,100,1,16,17,100,100,70,12,10,8,2,0,0,100,100,100,100,61,100,100,31,1,1789124579.390000,G1,T01,Movimento,1,unknown,97,vitalita_alta
552328,1,1,1,176,192,100,100,1,26,16,100,97,28,14,13,11,13,0,0,100,100,100,100,60,100,100,31,1,1789124579.590000,G1,T01,Movimento,1,unknown,98,vitalita_alta
552528,1,1,1,178,194,100,100,1,13,39,100,100,27,17,13,28,23,0,0,100,100,100,100,59,100,100,31,1,1789124579.790000,G1,T01,Movimento,1,unknown,98,vitalita_alta
552728,1,1,1,166,189,100,100,1,14,38,100,100,10,5,4,4,11,0,0,100,100,100,100,57,100,100,31,1,1789124579.990000,G1,T01,Movimento,1,unknown,99,vitalita_alta
552928,1,1,1,164,172,100,100,1,20,63,100,100,39,9,10,9,8,0,0,100,100,100,100,58,100,100,31,1,1789124580.190000,G1,T01,Movimento,1,unknown,99,vitalita_alta
553128,1,1,1,164,165,100,100,1,14,47,100,100,30,14,11,7,7,0,0,100,100,100,100,56,100,100,31,1,1789124580.390000,G1,T01,Movimento,1,unknown,100,vitalita_alta
553328,1,1,1,189,240,100,100,1,17,19,100,100,42,21,4,22,17,0,0,100,100,100,100,55,100,100,31,1,1789124580.590000,G1,T01,Movimento,1,unknown,100,vitalita_alta
553528,1,1,1,169,207,100,100,1,16,28,100,85,31,20,9,17,21,0,0,100,100,100,100,53,100,100,31,1,1789124580.790000,G1,T01,Movimento,1,unknown,100,vitalita_alta
553728,1,0,1,0,179,0,100,1,19,31,53,52,60,14,6,6,1,0,0,100,100,100,100,53,100,100,31,1,1789124580.990000,G1,T01,Movimento,1,unknown,99,vitalita_alta
553928,1,0,1,0,165,0,100,1,16,18,31,49,59,14,9,6,2,0,0,100,100,100,100,53,100,100,31,1,1789124581.190000,G1,T01,Movimento,1,unknown,96,vitalita_alta
554128,1,0,1,0,162,0,100,1,14,12,30,34,35,7,3,13,11,0,0,100,100,100,100,53,100,100,31,1,1789124581.390000,G1,T01,Movimento,1,unknown,93,vitalita_moderata
554328,1,1,1,177,188,88,100,1,19,19,88,78,30,23,19,26,33,0,0,100,100,100,100,52,100,100,31,1,1789124581.590000,G1,T01,Movimento,1,unknown,93,vitalita_moderata
554528,1,1,1,232,186,100,100,1,18,7,30,100,53,11,12,14,13,0,0,100,100,100,100,55,100,100,31,1,1789124581.790000,G1,T01,Movimento,1,unknown,91,vitalita_moderata
554728,1,1,1,208,166,100,100,1,13,18,100,100,52,11,12,14,13,0,0,100,100,100,100,57,100,100,31,1,1789124581.990000,G1,T01,Movimento,1,unknown,92,vitalita_moderata
554928,1,1,1,180,172,75,100,1,15,23,75,70,28,9,11,15,17,0,0,100,100,100,100,58,100,100,31,1,1789124582.190000,G1,T01,Movimento,1,unknown,92,vitalita_moderata
555128,1,1,1,190,179,100,100,1,22,29,100,100,37,16,11,17,15,0,0,100,100,100,100,57,100,100,31,1,1789124582.390000,G1,T01,Movimento,1,unknown,93,vitalita_moderata
555328,1,1,1,191,278,94,100,1,18,20,90,94,17,16,7,29,30,0,0,100,100,100,100,57,100,100,32,1,1789124582.590000,G1,T01,Movimento,1,unknown,93,vitalita_moderata
555528,1,1,1,239,166,79,100,1,18,21,7,79,48,3,8,4,7,0,0,100,100,100,100,56,100,100,32,1,1789124582.790000,G1,T01,Movimento,1,unknown,90,vitalita_moderata
555728,1,1,1,174,199,69,100,1,16,28,69,61,33,11,3,6,4,0,0,100,100,100,100,54,100,100,32,1,1789124582.990000,G1,T01,Movimento,1,unknown,89,vitalita_moderata
555928,1,1,1,217,172,50,100,1,18,18,38,50,32,16,14,10,11,0,0,100,100,100,100,54,100,100,32,1,1789124583.190000,G1,T01,Movimento,1,unknown,87,vitalita_moderata
556128,1,1,1,268,212,84,100,1,15,19,70,80,84,33,4,31,32,0,0,100,100,100,100,54,100,100,32,1,1789124583.390000,G1,T01,Movimento,1,unknown,87,vitalita_moderata
556328,1,1,1,207,172,100,100,1,14,24,100,100,62,15,8,12,12,0,0,100,100,100,100,55,100,100,32,1,1789124583.590000,G1,T01,Movimento,1,unknown,88,vitalita_moderata
556528,1,1,1,192,215,100,100,1,20,55,100,100,66,13,4,1,8,0,0,100,100,100,100,54,100,100,32,1,1789124583.790000,G1,T01,Movimento,1,unknown,89,vitalita_moderata
556728,1,1,1,185,165,100,100,1,18,28,100,100,22,21,7,8,8,0,0,100,100,100,100,55,100,100,32,1,1789124583.990000,G1,T01,Movimento,1,unknown,90,vitalita_moderata
556928,1,1,1,151,159,87,100,1,22,37,87,41,9,10,9,19,19,0,0,100,100,100,100,54,100,100,32,1,1789124584.190000,G1,T01,Movimento,1,unknown,91,vitalita_moderata
557128,1,1,1,179,188,100,100,1,15,32,100,100,42,14,2,29,30,0,0,100,100,100,100,54,100,100,32,1,1789124584.390000,G1,T01,Movimento,1,unknown,92,vitalita_moderata
557328,1,1,1,203,193,100,100,1,19,26,100,100,40,4,15,10,4,0,0,100,100,100,100,57,100,100,32,1,1789124584.590000,G1,T01,Movimento,1,unknown,93,vitalita_moderata
557528,1,1,1,152,172,54,100,1,14,19,54,24,14,13,4,5,4,0,0,100,100,100,100,61,100,100,32,1,1789124584.790000,G1,T01,Movimento,1,unknown,91,vitalita_moderata
557728,1,1,1,182,193,92,100,1,18,25,92,88,35,20,25,22,6,0,0,100,100,100,100,64,100,100,32,1,1789124584.990000,G1,T01,Movimento,1,unknown,92,vitalita_moderata
557928,1,1,1,157,188,100,100,1,15,44,100,73,18,24,8,34,43,0,0,100,100,100,100,64,100,100,32,1,1789124585.190000,G1,T01,Movimento,1,unknown,93,vitalita_moderata
558128,1,1,1,221,206,91,100,1,17,8,55,91,47,8,4,11,13,0,0,100,100,100,100,64,100,100,32,1,1789124585.390000,G1,T01,Movimento,1,unknown,92,vitalita_moderata
558328,1,1,1,233,206,71,100,1,18,22,43,71,54,16,9,9,10,0,0,100,100,100,100,62,100,100,32,1,1789124585.590000,G1,T01,Movimento,1,unknown,89,vitalita_moderata
558528,1,1,1,168,156,48,100,1,14,16,48,37,11,16,3,12,12,0,0,100,100,100,99,61,100,100,32,1,1789124585.790000,G1,T01,Movimento,1,unknown,88,vitalita_moderata
558728,1,1,1,166,161,100,100,1,17,36,100,95,23,10,17,25,18,0,0,100,100,100,100,60,100,100,32,1,1789124585.990000,G1,T01,Movimento,1,unknown,89,vitalita_moderata
558928,1,1,1,179,167,100,100,1,19,44,100,100,7,19,8,27,22,0,0,100,100,100,100,58,100,100,32,1,1789124586.190000,G1,T01,Movimento,1,unknown,90,vitalita_moderata
559128,1,1,1,181,165,100,100,1,16,45,100,100,39,6,6,5,3,0,0,100,100,100,100,60,100,100,32,1,1789124586.390000,G1,T01,Movimento,1,unknown,91,vitalita_moderata
559328,1,1,1,186,174,100,100,1,17,27,100,100,36,6,7,11,9,0,0,100,100,100,100,62,100,100,32,1,1789124586.590000,G1,T01,Movimento,1,unknown,92,vitalita_moderata
559528,1,1,1,162,208,100,100,1,15,40,100,83,25,15,12,15,11,0,0,100,100,100,100,61,100,100,32,1,1789124586.790000,G1,T01,Movimento,1,unknown,93,vitalita_moderata
559728,1,1,1,151,192,100,100,1,17,46,100,53,26,18,3,26,29,0,0,100,100,100,100,61,100,100,32,1,1789124586.990000,G1,T01,Movimento,1,unknown,94,vitalita_moderata
559928,1,1,1,208,166,100,100,1,14,26,89,100,49,11,6,11,16,0,0,100,100,100,100,61,100,100,32,1,1789124587.190000,G1,T01,Movimento,1,unknown,94,vitalita_moderata
560128,1,1,1,192,190,100,100,1,15,30,100,100,35,14,6,9,7,0,0,100,100,100,99,61,100,100,32,1,1789124587.390000,G1,T01,Movimento,1,unknown,95,vitalita_moderata
560328,1,1,1,154,179,100,100,1,15,42,100,68,28,6,9,6,6,0,0,100,100,100,96,59,100,100,32,1,1789124587.590000,G1,T01,Movimento,1,unknown,95,vitalita_alta
560528,1,1,1,188,169,89,100,1,14,20,89,89,26,6,5,29,27,0,0,100,100,100,100,60,100,100,32,1,1789124587.790000,G1,T01,Movimento,1,unknown,96,vitalita_alta
560728,1,1,1,224,213,100,100,1,14,19,57,100,54,25,14,15,16,0,0,100,100,100,98,60,100,100,32,1,1789124587.990000,G1,T01,Movimento,1,unknown,94,vitalita_moderata
560928,1,0,1,0,181,0,100,1,17,13,19,14,17,16,8,6,2,0,0,100,100,100,100,62,100,100,32,1,1789124588.190000,G1,T01,Movimento,1,unknown,91,vitalita_moderata
561128,1,1,1,175,176,63,100,1,17,19,63,55,16,5,8,8,3,0,0,100,100,100,100,63,100,100,32,1,1789124588.390000,G1,T01,Movimento,1,unknown,90,vitalita_moderata
561328,1,1,1,199,152,100,100,1,15,26,91,100,17,31,13,11,18,0,0,100,100,100,100,59,100,100,32,1,1789124588.590000,G1,T01,Movimento,1,unknown,91,vitalita_moderata
561528,1,1,1,202,173,76,100,1,21,6,63,76,21,13,13,25,21,0,0,100,100,100,100,58,100,100,32,1,1789124588.790000,G1,T01,Movimento,1,unknown,90,vitalita_moderata
561728,1,1,1,182,191,75,100,1,19,25,75,72,27,14,5,11,11,0,0,100,100,100,100,55,100,100,32,1,1789124588.990000,G1,T01,Movimento,1,unknown,90,vitalita_moderata
561928,1,1,1,167,164,100,100,1,18,26,100,87,20,5,5,6,11,0,0,100,100,100,100,54,100,100,32,1,1789124589.190000,G1,T01,Movimento,1,unknown,91,vitalita_moderata
562128,1,0,1,0,180,0,100,1,14,16,33,16,32,13,12,4,8,0,0,100,100,100,100,54,100,100,31,1,1789124589.390000,G1,T01,Movimento,1,unknown,88,vitalita_moderata
562328,1,1,1,186,177,67,100,1,14,21,67,66,21,7,16,29,19,0,0,100,100,100,100,57,100,100,31,1,1789124589.590000,G1,T01,Movimento,1,unknown,88,vitalita_moderata
562528,1,0,1,0,166,0,100,1,17,16,30,24,19,16,13,28,21,0,0,100,100,100,100,58,100,100,32,1,1789124589.790000,G1,T01,Movimento,1,unknown,85,vitalita_moderata
562728,1,1,1,281,208,67,100,1,17,10,14,55,67,29,6,9,7,0,0,100,100,100,100,60,100,100,32,1,1789124589.990000,G1,T01,Movimento,1,unknown,82,vitalita_moderata
562928,1,1,1,229,168,67,100,1,21,21,34,67,42,13,8,3,6,0,0,100,100,100,100,64,100,100,32,1,1789124590.190000,G1,T01,Movimento,1,unknown,80,vitalita_moderata
563128,1,1,1,186,213,100,100,1,15,35,100,100,54,7,17,25,7,0,0,100,100,100,100,65,100,100,32,1,1789124590.390000,G1,T01,Movimento,1,unknown,82,vitalita_moderata
563328,1,1,1,206,200,77,100,1,14,7,62,77,33,21,7,29,29,0,0,100,100,100,100,63,100,100,31,1,1789124590.590000,G1,T01,Movimento,1,unknown,82,vitalita_moderata
563528,1,1,1,193,167,100,100,1,20,21,100,100,46,12,3,15,12,0,0,100,100,100,100,64,100,100,31,1,1789124590.790000,G1,T01,Movimento,1,unknown,83,vitalita_moderata
563728,1,1,1,158,170,79,100,1,16,31,79,49,19,11,8,9,9,0,0,100,100,100,100,63,100,100,32,1,1789124590.990000,G1,T01,Movimento,1,unknown,84,vitalita_moderata
563928,1,1,1,175,193,86,100,1,17,29,86,75,17,18,15,13,13,0,0,100,100,100,100,64,100,100,32,1,1789124591.190000,G1,T01,Movimento,1,unknown,84,vitalita_moderata
564128,1,1,1,202,206,91,100,1,13,23,81,91,49,16,3,20,16,0,0,100,100,100,100,66,100,100,31,1,1789124591.390000,G1,T01,Movimento,1,unknown,84,vitalita_moderata
564328,1,1,1,177,198,100,100,1,15,38,100,100,54,6,12,25,23,0,0,100,100,100,100,68,100,100,32,1,1789124591.590000,G1,T01,Movimento,1,unknown,86,vitalita_moderata
564528,1,1,1,169,181,100,100,1,16,51,100,100,45,13,13,11,8,0,0,100,100,100,100,71,100,100,32,1,1789124591.790000,G1,T01,Movimento,1,unknown,87,vitalita_moderata
564728,1,1,1,176,165,100,100,1,16,56,100,100,35,12,9,7,7,0,0,100,100,100,100,74,100,100,32,1,1789124591.990000,G1,T01,Movimento,1,unknown,88,vitalita_moderata
564928,1,1,1,176,194,66,100,1,19,16,66,57,19,20,18,16,12,0,0,100,100,100,100,74,100,100,32,1,1789124592.190000,G1,T01,Movimento,1,unknown,88,vitalita_moderata
565128,1,1,1,196,195,88,100,1,15,24,81,88,28,15,8,23,31,0,0,100,100,100,100,71,100,100,31,1,1789124592.390000,G1,T01,Movimento,1,unknown,88,vitalita_moderata
565328,1,1,1,162,179,100,100,1,21,45,100,74,10,6,10,13,8,0,0,100,100,100,100,71,100,100,31,1,1789124592.590000,G1,T01,Movimento,1,unknown,89,vitalita_moderata
565528,1,1,1,178,168,100,100,1,22,52,100,100,39,9,5,7,9,0,0,100,100,100,98,70,100,100,31,1,1789124592.790000,G1,T01,Movimento,1,unknown,90,vitalita_moderata
565728,1,1,1,191,176,52,100,1,18,26,51,52,41,11,12,13,15,0,0,100,100,100,98,70,100,100,31,1,1789124592.990000,G1,T01,Movimento,1,unknown,89,vitalita_moderata
565928,1,1,1,173,213,100,100,1,20,57,100,100,23,15,13,30,19,0,0,100,100,100,100,70,100,100,32,1,1789124593.190000,G1,T01,Movimento,1,unknown,90,vitalita_moderata
566128,1,1,1,199,159,90,100,1,15,17,83,90,56,31,14,22,24,0,0,100,100,100,100,72,100,100,32,1,1789124593.390000,G1,T01,Movimento,1,unknown,90,vitalita_moderata
566328,1,1,1,219,181,100,100,1,13,19,67,100,48,13,4,1,5,0,0,100,100,100,100,69,100,100,32,1,1789124593.590000,G1,T01,Movimento,1,unknown,89,vitalita_moderata
566528,1,1,1,181,179,88,100,1,14,17,88,81,10,6,3,1,5,0,0,100,100,100,100,70,100,100,32,1,1789124593.790000,G1,T01,Movimento,1,unknown,90,vitalita_moderata
566728,1,1,1,175,162,52,100,1,16,18,52,46,18,11,9,12,13,0,0,100,100,100,100,67,100,100,32,1,1789124593.990000,G1,T01,Movimento,1,unknown,88,vitalita_moderata
566928,1,1,1,153,210,100,100,1,16,40,100,59,41,23,12,20,26,0,0,100,100,100,100,64,100,100,32,1,1789124594.190000,G1,T01,Movimento,1,unknown,90,vitalita_moderata
567128,1,1,1,169,175,61,100,1,16,21,61,49,26,11,3,16,15,0,0,100,100,100,100,63,100,100,32,1,1789124594.390000,G1,T01,Movimento,1,unknown,89,vitalita_moderata
567328,1,1,1,225,169,100,100,1,17,27,43,100,44,10,8,12,8,0,0,100,100,100,100,64,100,100,32,1,1789124594.590000,G1,T01,Movimento,1,unknown,87,vitalita_moderata
567528,1,1,1,199,159,56,100,1,13,18,53,56,37,12,11,13,11,0,0,100,100,100,100,65,100,100,32,1,1789124594.790000,G1,T01,Movimento,1,unknown,86,vitalita_moderata
567728,1,1,1,220,215,100,100,1,14,26,58,100,45,4,11,27,20,0,0,100,100,100,100,68,100,100,32,1,1789124594.990000,G1,T01,Movimento,1,unknown,85,vitalita_moderata
567928,1,1,1,175,159,100,100,1,14,35,100,100,29,26,10,23,28,0,0,100,100,100,100,66,100,100,32,1,1789124595.190000,G1,T01,Movimento,1,unknown,86,vitalita_moderata
568128,1,1,1,186,225,100,100,1,18,23,100,100,28,2,10,8,2,0,0,100,100,100,100,68,100,100,32,1,1789124595.390000,G1,T01,Movimento,1,unknown,87,vitalita_moderata
568328,1,1,1,162,219,76,100,1,20,31,76,54,26,14,10,3,5,0,0,100,100,100,100,69,100,100,32,1,1789124595.590000,G1,T01,Movimento,1,unknown,87,vitalita_moderata
568528,1,1,1,191,179,100,100,1,16,14,100,100,30,7,9,9,13,0,0,100,100,100,100,66,100,100,32,1,1789124595.790000,G1,T01,Movimento,1,unknown,89,vitalita_moderata
568728,1,1,1,186,171,87,100,1,15,16,87,87,32,26,17,30,32,0,0,100,100,100,100,64,100,100,32,1,1789124595.990000,G1,T01,Movimento,1,unknown,89,vitalita_moderata
568928,1,1,1,196,207,100,100,1,18,25,100,100,57,18,8,8,5,0,0,100,100,100,100,61,100,100,31,1,1789124596.190000,G1,T01,Movimento,1,unknown,90,vitalita_moderata
569128,1,1,1,168,206,100,100,1,15,46,100,100,23,13,3,11,7,0,0,100,100,100,100,62,100,100,31,1,1789124596.390000,G1,T01,Movimento,1,unknown,91,vitalita_moderata
569328,1,1,1,183,178,79,100,1,20,17,79,76,8,21,19,14,14,0,0,100,100,100,100,65,100,100,32,1,1789124596.590000,G1,T01,Movimento,1,unknown,91,vitalita_moderata
569528,1,1,1,212,188,100,100,1,20,29,77,100,47,16,16,27,20,0,0,100,100,100,100,64,100,100,32,1,1789124596.790000,G1,T01,Movimento,1,unknown,91,vitalita_moderata
569728,1,1,1,171,174,100,100,1,16,47,100,100,23,22,7,30,22,0,0,100,100,100,100,65,100,100,32,1,1789124596.990000,G1,T01,Movimento,1,unknown,92,vitalita_moderata
569928,1,1,1,193,179,100,100,1,13,22,100,100,35,4,12,10,2,0,0,100,100,100,100,66,100,100,32,1,1789124597.190000,G1,T01,Movimento,1,unknown,93,vitalita_moderata
570128,1,1,1,172,166,100,100,1,18,38,100,100,24,8,12,7,4,0,0,100,100,100,100,67,100,100,32,1,1789124597.390000,G1,T01,Movimento,1,unknown,93,vitalita_moderata
570328,1,1,1,160,166,100,100,1,13,44,100,89,18,18,22,22,10,0,0,100,100,100,100,68,100,100,32,1,1789124597.590000,G1,T01,Movimento,1,unknown,94,vitalita_moderata
570528,1,1,1,195,158,67,100,1,15,21,64,67,41,19,6,24,31,0,0,100,100,100,100,68,100,100,32,1,1789124597.790000,G1,T01,Movimento,1,unknown,93,vitalita_moderata
570728,1,1,1,171,163,94,100,1,15,32,94,77,17,8,9,7,3,0,0,100,100,100,100,70,100,100,32,1,1789124597.990000,G1,T01,Movimento,1,unknown,94,vitalita_moderata
570928,1,1,1,167,160,100,100,1,22,41,100,100,35,8,6,17,9,0,0,100,100,100,100,70,100,100,32,1,1789124598.190000,G1,T01,Movimento,1,unknown,95,vitalita_moderata
571128,1,1,1,174,158,100,100,1,16,38,100,100,35,17,10,12,13,0,0,100,100,100,100,70,100,100,32,1,1789124598.390000,G1,T01,Movimento,1,unknown,95,vitalita_alta
571328,1,1,1,223,162,98,100,1,15,19,50,98,45,4,11,23,17,0,0,100,100,100,100,68,100,100,32,1,1789124598.590000,G1,T01,Movimento,1,unknown,94,vitalita_moderata
571528,1,1,1,167,177,50,100,1,14,21,50,40,22,16,4,25,24,0,0,100,100,100,100,69,100,100,32,1,1789124598.790000,G1,T01,Movimento,1,unknown,92,vitalita_moderata
571728,1,1,1,175,200,100,100,1,21,31,100,100,34,18,10,6,3,0,0,100,100,100,100,70,100,100,32,1,1789124598.990000,G1,T01,Movimento,1,unknown,93,vitalita_moderata
571928,1,1,1,195,195,92,100,1,15,20,87,92,42,13,5,11,4,0,0,100,100,100,100,74,100,100,32,1,1789124599.190000,G1,T01,Movimento,1,unknown,93,vitalita_moderata
572128,1,1,1,163,165,100,100,1,17,26,100,94,14,12,15,15,9,0,0,100,100,100,100,71,100,100,32,1,1789124599.390000,G1,T01,Movimento,1,unknown,94,vitalita_moderata
572328,1,1,1,191,171,100,100,1,15,41,100,100,57,23,8,30,33,0,0,100,100,100,100,70,100,100,32,1,1789124599.590000,G1,T01,Movimento,1,unknown,95,vitalita_moderata
572528,1,1,1,207,219,100,100,1,13,20,100,100,46,6,9,11,11,0,0,100,100,100,100,71,100,100,32,1,1789124599.790000,G1,T01,Movimento,1,unknown,95,vitalita_alta
572728,1,1,1,170,194,77,100,1,19,28,77,63,22,6,9,9,9,0,0,100,100,100,100,68,100,100,32,1,1789124599.990000,G1,T01,Movimento,1,unknown,95,vitalita_alta
572928,1,1,1,216,206,59,100,1,17,26,44,59,35,8,11,8,7,0,0,100,100,100,99,69,100,100,32,1,1789124600.190000,G1,T01,Movimento,1,unknown,93,vitalita_moderata
573128,1,1,1,180,156,82,100,1,18,19,82,75,50,13,6,14,14,0,0,100,100,100,100,72,100,100,32,1,1789124600.390000,G1,T01,Movimento,1,unknown,93,vitalita_moderata
573328,1,1,1,177,173,100,100,1,13,42,100,100,51,22,4,35,34,0,0,100,100,100,100,70,100,100,31,1,1789124600.590000,G1,T01,Movimento,1,unknown,94,vitalita_moderata
573528,1,1,1,200,231,100,100,1,23,38,100,100,51,7,7,12,8,0,0,100,100,100,100,73,100,100,32,1,1789124600.790000,G1,T01,Movimento,1,unknown,95,vitalita_moderata
573728,1,1,1,165,165,68,100,1,17,20,68,49,19,10,7,5,3,0,0,100,100,100,99,73,100,100,32,1,1789124600.990000,G1,T01,Movimento,1,unknown,94,vitalita_moderata
573928,1,1,1,195,212,100,100,1,17,31,100,100,44,9,9,5,10,0,0,100,100,100,97,72,100,100,32,1,1789124601.190000,G1,T01,Movimento,1,unknown,95,vitalita_moderata
574128,1,1,1,164,223,100,100,1,22,45,100,100,25,15,17,16,11,0,0,100,100,100,97,73,100,100,32,1,1789124601.390000,G1,T01,Movimento,1,unknown,95,vitalita_alta
574328,1,1,1,162,183,100,100,1,16,62,100,100,25,18,9,21,23,0,0,100,100,100,100,73,100,100,31,1,1789124601.590000,G1,T01,Movimento,1,unknown,96,vitalita_alta
574528,1,1,1,181,179,100,100,1,16,48,100,100,64,11,3,16,13,0,0,100,100,100,97,71,100,100,31,1,1789124601.790000,G1,T01,Movimento,1,unknown,97,vitalita_alta
574728,1,1,1,170,174,100,100,1,19,56,100,100,14,6,6,7,12,0,0,100,100,100,93,71,100,100,31,1,1789124601.990000,G1,T01,Movimento,1,unknown,97,vitalita_alta
574928,1,0,1,0,304,0,100,1,15,16,60,59,13,8,11,13,8,0,0,100,100,100,95,71,100,100,31,1,1789124602.190000,G1,T01,Movimento,1,unknown,94,vitalita_moderata
575128,1,1,1,249,175,91,100,1,14,18,22,91,77,13,9,20,29,0,0,100,100,100,94,70,100,100,31,1,1789124602.390000,G1,T01,Movimento,1,unknown,90,vitalita_moderata
575328,1,1,1,197,162,72,100,1,16,18,69,72,53,23,6,17,15,0,0,100,100,100,100,73,100,100,31,1,1789124602.590000,G1,T01,Movimento,1,unknown,90,vitalita_moderata
575528,1,1,1,162,192,100,100,1,24,47,100,100,37,13,5,8,6,0,0,100,100,100,96,71,100,100,31,1,1789124602.790000,G1,T01,Movimento,1,unknown,91,vitalita_moderata
575728,1,1,1,178,179,100,100,1,18,39,100,100,58,24,4,7,5,0,0,100,100,100,96,68,100,100,31,1,1789124602.990000,G1,T01,Movimento,1,unknown,92,vitalita_moderata
575928,1,1,1,222,143,78,100,1,17,15,38,78,31,11,5,32,28,0,0,100,100,100,97,65,100,100,31,1,1789124603.190000,G1,T01,Movimento,1,unknown,88,vitalita_moderata
576128,1,1,1,193,172,100,100,1,19,8,100,100,18,7,6,5,4,0,0,100,100,100,100,68,100,100,31,1,1789124603.390000,G1,T01,Movimento,1,unknown,90,vitalita_moderata
576328,1,1,1,193,182,63,100,1,14,17,59,63,19,7,6,17,10,0,0,100,100,100,100,69,100,100,31,1,1789124603.590000,G1,T01,Movimento,1,unknown,89,vitalita_moderata
576528,1,1,1,166,165,100,100,1,16,27,100,74,12,6,11,14,10,0,0,100,100,100,100,70,100,100,31,1,1789124603.790000,G1,T01,Movimento,1,unknown,90,vitalita_moderata
576728,1,1,1,169,210,100,100,1,14,29,100,100,54,17,10,26,25,0,0,100,100,100,100,73,100,100,31,1,1789124603.990000,G1,T01,Movimento,1,unknown,91,vitalita_moderata
576928,1,1,1,169,174,100,100,1,24,36,100,100,26,15,11,19,19,0,0,100,100,100,100,75,100,100,31,1,1789124604.190000,G1,T01,Movimento,1,unknown,92,vitalita_moderata
577128,1,1,1,155,159,76,100,1,17,18,76,35,13,5,8,7,5,0,0,100,100,100,100,76,100,100,30,1,1789124604.390000,G1,T01,Movimento,1,unknown,92,vitalita_moderata
577328,1,1,1,159,162,89,100,1,15,28,89,53,40,7,6,9,5,0,0,100,100,100,100,78,100,100,31,1,1789124604.590000,G1,T01,Movimento,1,unknown,92,vitalita_moderata
577528,1,1,1,164,155,100,100,1,16,36,100,100,17,12,19,4,11,0,0,100,100,100,100,75,100,100,30,1,1789124604.790000,G1,T01,Movimento,1,unknown,93,vitalita_moderata
577728,1,1,1,174,172,100,100,1,17,56,100,100,36,8,7,26,27,0,0,100,100,100,100,75,100,100,30,1,1789124604.990000,G1,T01,Movimento,1,unknown,94,vitalita_moderata
577928,1,1,1,196,217,100,100,1,16,25,93,100,33,2,10,11,7,0,0,100,100,100,100,75,100,100,30,1,1789124605.190000,G1,T01,Movimento,1,unknown,94,vitalita_moderata
578128,1,1,1,205,182,78,100,1,16,13,63,78,30,7,7,3,8,0,0,100,100,100,100,73,100,100,30,1,1789124605.390000,G1,T01,Movimento,1,unknown,93,vitalita_moderata
578328,1,1,1,144,210,44,100,1,15,26,44,19,29,8,13,18,5,0,0,100,100,100,100,72,100,100,29,1,1789124605.590000,G1,T01,Movimento,1,unknown,91,vitalita_moderata
578528,1,1,1,152,184,93,100,1,24,36,93,45,39,32,9,26,28,0,0,100,100,100,100,72,100,100,29,1,1789124605.790000,G1,T01,Movimento,1,unknown,92,vitalita_moderata
578728,1,1,1,179,233,56,100,1,14,28,56,52,51,8,8,6,4,0,0,100,100,100,100,74,100,100,29,1,1789124605.990000,G1,T01,Movimento,1,unknown,91,vitalita_moderata
578928,1,1,1,178,179,80,100,1,17,15,80,71,32,11,5,5,5,0,0,100,100,100,100,78,100,100,30,1,1789124606.190000,G1,T01,Movimento,1,unknown,91,vitalita_moderata
579128,1,1,1,152,184,100,100,1,13,43,100,55,26,5,5,10,3,0,0,100,100,100,100,79,100,100,29,1,1789124606.390000,G1,T01,Movimento,1,unknown,92,vitalita_moderata
579328,1,1,1,186,179,100,100,1,14,21,100,100,39,11,19,21,11,0,0,100,100,100,100,78,100,100,29,1,1789124606.590000,G1,T01,Movimento,1,unknown,93,vitalita_moderata
579528,1,1,1,178,161,86,100,1,14,44,86,80,43,12,10,22,23,0,0,100,100,100,100,81,100,100,29,1,1789124606.790000,G1,T01,Movimento,1,unknown,93,vitalita_moderata
579728,1,1,1,198,177,82,100,1,17,27,77,82,45,20,4,12,8,0,0,100,100,100,100,82,100,100,29,1,1789124606.990000,G1,T01,Movimento,1,unknown,92,vitalita_moderata
579928,1,1,1,159,157,100,100,1,15,44,100,100,25,11,8,7,2,0,0,100,100,100,100,81,100,100,29,1,1789124607.190000,G1,T01,Movimento,1,unknown,93,vitalita_moderata
580128,1,1,1,169,230,100,100,1,18,76,100,100,57,19,6,6,7,0,0,100,100,100,100,79,100,100,29,1,1789124607.390000,G1,T01,Movimento,1,unknown,94,vitalita_moderata
580328,1,1,1,226,205,62,100,1,14,17,32,62,35,13,13,23,25,0,0,100,100,100,100,78,100,100,29,1,1789124607.590000,G1,T01,Movimento,1,unknown,92,vitalita_moderata
580528,1,1,1,161,189,100,100,1,14,23,100,62,6,6,7,19,21,0,0,100,100,100,100,77,100,100,29,1,1789124607.790000,G1,T01,Movimento,1,unknown,93,vitalita_moderata
580728,1,1,1,166,157,100,100,1,16,36,100,87,14,12,7,6,4,0,0,100,100,100,100,76,100,100,29,1,1789124607.990000,G1,T01,Movimento,1,unknown,94,vitalita_moderata
580928,1,1,1,162,225,94,100,1,15,31,94,64,20,4,4,5,8,0,0,100,100,100,100,73,100,100,29,1,1789124608.190000,G1,T01,Movimento,1,unknown,93,vitalita_moderata
581128,1,1,1,177,220,100,100,1,17,33,100,100,18,13,9,15,14,0,0,100,100,100,100,71,100,100,29,1,1789124608.390000,G1,T01,Movimento,1,unknown,94,vitalita_moderata
581328,1,1,1,199,193,100,100,1,13,22,100,100,51,14,6,23,15,0,0,100,100,100,100,70,100,100,28,1,1789124608.590000,G1,T01,Movimento,1,unknown,95,vitalita_moderata
581528,1,1,1,161,180,100,100,1,15,38,100,87,9,9,12,24,14,0,0,100,100,100,100,69,100,100,28,1,1789124608.790000,G1,T01,Movimento,1,unknown,95,vitalita_alta
581728,1,1,1,200,231,100,100,1,15,29,100,100,58,4,7,9,6,0,0,100,100,100,100,69,100,100,28,1,1789124608.990000,G1,T01,Movimento,1,unknown,96,vitalita_alta
581928,1,1,1,156,178,100,100,1,14,38,100,62,21,5,19,25,18,0,0,100,100,100,100,69,100,100,28,1,1789124609.190000,G1,T01,Movimento,1,unknown,97,vitalita_alta
582128,1,1,1,191,155,86,100,1,17,19,83,86,32,16,8,18,26,0,0,100,100,100,100,68,100,100,28,1,1789124609.390000,G1,T01,Movimento,1,unknown,97,vitalita_alta
582328,1,1,1,171,172,100,100,1,13,53,100,100,36,18,3,19,15,0,0,100,100,100,100,68,100,100,28,1,1789124609.590000,G1,T01,Movimento,1,unknown,97,vitalita_alta
582528,1,1,1,171,178,89,100,1,17,24,89,72,25,13,9,5,7,0,0,100,100,100,100,71,100,100,28,1,1789124609.790000,G1,T01,Movimento,1,unknown,97,vitalita_alta
582728,1,1,1,172,169,100,100,1,16,29,100,93,23,4,11,12,10,0,0,100,100,100,100,67,100,100,28,1,1789124609.990000,G1,T01,Movimento,1,unknown,98,vitalita_alta
582928,1,1,1,157,163,89,100,1,15,15,89,40,44,29,13,30,38,0,0,100,100,100,100,63,100,100,28,1,1789124610.190000,G1,T01,Movimento,1,unknown,98,vitalita_alta
583128,1,1,1,184,161,89,100,1,16,28,89,87,44,9,12,14,8,0,0,100,100,100,100,63,100,100,28,1,1789124610.390000,G1,T01,Movimento,1,unknown,98,vitalita_alta
583328,1,1,1,165,165,100,100,1,18,59,100,100,9,9,11,21,16,0,0,100,100,100,100,63,100,100,28,1,1789124610.590000,G1,T01,Movimento,1,unknown,99,vitalita_alta
583528,1,1,1,199,174,84,100,1,19,9,73,84,25,17,5,6,10,0,0,100,100,100,100,60,100,100,28,1,1789124610.790000,G1,T01,Movimento,1,unknown,98,vitalita_alta
583728,1,1,1,175,166,100,100,1,19,42,100,100,35,9,4,18,13,0,0,100,100,100,100,62,100,100,29,1,1789124610.990000,G1,T01,Movimento,1,unknown,99,vitalita_alta
583928,1,1,1,149,229,100,100,1,16,38,100,36,55,25,8,21,24,0,0,100,100,100,100,63,100,100,28,1,1789124611.190000,G1,T01,Movimento,1,unknown,96,vitalita_alta
584128,1,1,1,168,194,100,100,1,22,48,100,100,24,6,10,9,14,0,0,100,100,100,100,62,100,100,29,1,1789124611.390000,G1,T01,Movimento,1,unknown,97,vitalita_alta
584328,1,1,1,172,229,100,100,1,17,38,100,100,28,9,8,4,4,0,0,100,100,100,100,63,100,100,29,1,1789124611.590000,G1,T01,Movimento,1,unknown,98,vitalita_alta
584528,1,1,1,189,168,100,100,1,19,24,100,100,35,21,12,10,12,0,0,100,100,100,100,62,100,100,29,1,1789124611.790000,G1,T01,Movimento,1,unknown,98,vitalita_alta
584728,1,1,1,173,199,92,100,1,17,24,92,77,20,14,9,23,27,0,0,100,100,100,100,61,100,100,29,1,1789124611.990000,G1,T01,Movimento,1,unknown,98,vitalita_alta
584928,1,1,1,157,154,100,100,1,17,34,100,74,17,4,5,20,16,0,0,100,100,100,100,61,100,100,29,1,1789124612.190000,G1,T01,Movimento,1,unknown,99,vitalita_alta
585128,1,1,1,177,188,100,100,1,14,42,100,100,53,13,8,12,12,0,0,100,100,100,100,62,100,100,29,1,1789124612.390000,G1,T01,Movimento,1,unknown,99,vitalita_alta
585328,1,1,1,195,192,100,100,1,14,29,100,100,37,14,9,12,12,0,0,100,100,100,96,64,100,100,29,1,1789124612.590000,G1,T01,Movimento,1,unknown,100,vitalita_alta
585528,1,1,1,219,178,100,100,1,19,30,100,100,82,18,8,19,14,0,0,100,100,100,100,64,100,100,29,1,1789124612.790000,G1,T01,Movimento,1,unknown,100,vitalita_alta
585728,1,1,1,177,179,100,100,1,16,35,100,100,36,18,7,18,23,0,0,100,100,100,100,64,100,100,29,1,1789124612.990000,G1,T01,Movimento,1,unknown,100,vitalita_alta
585928,1,1,1,181,165,100,100,1,16,26,100,100,50,10,10,6,7,0,0,100,100,100,100,67,100,100,29,1,1789124613.190000,G1,T01,Movimento,1,unknown,100,vitalita_alta
586128,1,1,1,198,176,93,100,1,14,21,83,93,30,8,8,6,5,0,0,100,100,100,100,68,100,100,29,1,1789124613.390000,G1,T01,Movimento,1,unknown,100,vitalita_alta
586328,1,1,1,165,215,100,100,1,18,29,100,74,16,16,14,11,9,0,0,100,100,100,100,68,100,100,29,1,1789124613.590000,G1,T01,Movimento,1,unknown,100,vitalita_alta
586528,1,1,1,188,213,100,100,1,19,42,100,100,63,21,6,25,25,0,0,100,100,100,100,64,100,100,29,1,1789124613.790000,G1,T01,Movimento,1,unknown,100,vitalita_alta
586728,1,1,1,176,178,92,100,1,13,20,92,80,30,16,8,14,14,0,0,100,100,100,100,65,100,100,29,1,1789124613.990000,G1,T01,Movimento,1,unknown,100,vitalita_alta
586928,1,1,1,144,158,86,100,1,18,42,86,27,50,16,11,6,7,0,0,100,100,100,100,66,100,100,29,1,1789124614.190000,G1,T01,Movimento,1,unknown,100,vitalita_alta
587128,1,1,1,166,212,75,100,1,21,29,75,58,18,13,5,10,13,0,0,100,100,100,97,65,100,100,29,1,1789124614.390000,G1,T01,Movimento,1,unknown,100,vitalita_alta
587328,1,1,1,198,203,100,100,1,16,27,100,100,65,16,5,14,11,0,0,100,100,100,100,67,100,100,30,1,1789124614.590000,G1,T01,Movimento,1,unknown,100,vitalita_alta
587528,1,1,1,181,206,87,100,1,13,25,87,82,39,19,5,23,25,0,0,100,100,100,100,67,100,100,30,1,1789124614.790000,G1,T01,Movimento,1,unknown,100,vitalita_alta
587728,1,1,1,181,181,75,100,1,19,27,75,71,38,19,12,6,11,0,0,100,100,100,100,69,100,100,30,1,1789124614.990000,G1,T01,Movimento,1,unknown,100,vitalita_alta
587928,1,1,1,192,205,100,100,1,16,15,100,100,27,8,15,10,5,0,0,100,100,100,100,72,100,100,30,1,1789124615.190000,G1,T01,Movimento,1,unknown,100,vitalita_alta
588128,1,1,1,174,209,93,100,1,16,18,93,77,9,15,7,10,1,0,0,100,100,100,100,71,100,100,30,1,1789124615.390000,G1,T01,Movimento,1,unknown,100,vitalita_alta
588328,1,1,1,210,173,100,100,1,18,25,100,100,52,6,14,15,13,0,0,100,100,100,100,73,100,100,30,1,1789124615.590000,G1,T01,Movimento,1,unknown,100,vitalita_alta
588528,1,1,1,196,180,72,100,1,18,22,64,72,15,24,9,24,25,0,0,100,100,100,100,73,100,100,30,1,1789124615.790000,G1,T01,Movimento,1,unknown,99,vitalita_alta
588728,1,1,1,176,203,76,100,1,13,20,76,67,35,18,16,11,9,0,0,100,100,100,100,74,100,100,30,1,1789124615.990000,G1,T01,Movimento,1,unknown,99,vitalita_alta
588928,1,1,1,157,159,73,100,1,16,19,73,36,8,14,7,7,5,0,0,100,100,100,100,73,100,100,30,1,1789124616.190000,G1,T01,Movimento,1,unknown,98,vitalita_alta
589128,1,1,1,147,175,100,100,1,18,41,100,27,42,8,10,9,10,0,0,100,100,100,100,71,100,100,30,1,1789124616.390000,G1,T01,Movimento,1,unknown,98,vitalita_alta
589328,1,1,1,174,215,100,100,1,16,31,100,100,23,15,11,22,14,0,0,100,100,100,100,70,100,100,30,1,1789124616.590000,G1,T01,Movimento,1,unknown,99,vitalita_alta
589528,1,1,1,214,173,100,100,1,14,20,100,100,85,23,8,23,30,0,0,100,100,100,100,68,100,100,30,1,1789124616.790000,G1,T01,Movimento,1,unknown,99,vitalita_alta
589728,1,1,1,184,179,77,100,1,24,16,77,75,25,18,8,8,5,0,0,100,100,100,100,69,100,100,30,1,1789124616.990000,G1,T01,Movimento,1,unknown,99,vitalita_alta
589928,1,1,1,172,183,74,100,1,17,20,74,60,50,14,4,1,6,0,0,100,100,100,100,69,100,100,31,1,1789124617.190000,G1,T01,Movimento,1,unknown,98,vitalita_alta
590128,1,1,1,179,193,100,100,1,16,46,100,100,43,14,17,15,8,0,0,100,100,100,100,69,100,100,31,1,1789124617.390000,G1,T01,Movimento,1,unknown,98,vitalita_alta
590328,1,1,1,204,152,57,100,1,16,22,54,57,46,15,6,27,21,0,0,100,100,100,100,69,100,100,31,1,1789124617.590000,G1,T01,Movimento,1,unknown,97,vitalita_alta
590528,1,1,1,161,210,100,100,1,16,27,100,66,34,11,7,24,19,0,0,100,100,100,100,69,100,100,30,1,1789124617.790000,G1,T01,Movimento,1,unknown,98,vitalita_alta
590728,1,1,1,165,178,100,100,1,15,34,100,99,8,8,13,9,10,0,0,100,100,100,100,69,100,100,31,1,1789124617.990000,G1,T01,Movimento,1,unknown,98,vitalita_alta
590928,1,1,1,165,176,100,100,1,18,37,100,100,35,23,18,13,9,0,0,100,100,100,100,71,100,100,31,1,1789124618.190000,G1,T01,Movimento,1,unknown,99,vitalita_alta
591128,1,1,1,168,157,100,100,1,19,31,100,78,27,13,9,6,4,0,0,100,100,100,100,71,100,100,31,1,1789124618.390000,G1,T01,Movimento,1,unknown,99,vitalita_alta
591328,1,1,1,218,162,100,100,1,17,24,79,100,65,33,15,17,27,0,0,100,100,100,100,68,100,100,31,1,1789124618.590000,G1,T01,Movimento,1,unknown,99,vitalita_alta
591528,1,1,1,192,167,100,100,1,13,21,100,100,23,18,20,25,21,0,0,100,100,100,100,69,100,100,31,1,1789124618.790000,G1,T01,Movimento,1,unknown,99,vitalita_alta
591728,1,1,1,162,165,100,100,1,16,55,100,100,26,6,1,3,2,0,0,100,100,100,100,70,100,100,31,1,1789124618.990000,G1,T01,Movimento,1,unknown,100,vitalita_alta
591928,1,1,1,167,193,87,100,1,16,29,87,66,20,10,7,2,4,0,0,100,100,100,100,68,100,100,31,1,1789124619.190000,G1,T01,Movimento,1,unknown,99,vitalita_alta
592128,1,1,1,184,208,100,100,1,14,26,100,100,37,18,10,17,6,0,0,100,100,100,100,71,100,100,31,1,1789124619.390000,G1,T01,Movimento,1,unknown,100,vitalita_alta
592328,1,1,1,225,233,100,100,1,15,12,79,100,82,24,9,37,32,0,0,100,100,100,100,71,100,100,31,1,1789124619.590000,G1,T01,Movimento,1,unknown,100,vitalita_alta
592528,1,1,1,184,161,100,100,1,19,23,100,100,30,18,5,20,15,0,0,100,100,100,100,69,100,100,31,1,1789124619.790000,G1,T01,Movimento,1,unknown,100,vitalita_alta
592728,1,1,1,207,213,83,100,1,18,15,62,83,24,1,12,14,14,0,0,100,100,100,100,71,100,100,31,1,1789124619.990000,G1,T01,Movimento,1,unknown,99,vitalita_alta
592928,1,1,1,201,172,100,100,1,14,26,100,100,47,10,2,10,10,0,0,100,100,100,100,74,100,100,31,1,1789124620.190000,G1,T01,Movimento,1,unknown,100,vitalita_alta
593128,1,1,1,219,188,82,100,1,15,24,58,82,50,11,13,19,18,0,0,100,100,100,100,75,100,100,31,1,1789124620.390000,G1,T01,Movimento,1,unknown,98,vitalita_alta
593328,1,1,1,183,235,72,100,1,20,19,72,70,45,11,14,23,18,0,0,100,100,100,100,74,100,100,32,1,1789124620.590000,G1,T01,Movimento,1,unknown,97,vitalita_alta
593528,1,1,1,206,158,100,100,1,14,21,100,100,46,7,5,3,6,0,0,100,100,100,100,78,100,100,32,1,1789124620.790000,G1,T01,Movimento,1,unknown,98,vitalita_alta
593728,1,1,1,176,181,99,100,1,19,17,99,85,19,5,11,3,5,0,0,100,100,100,100,78,100,100,32,1,1789124620.990000,G1,T01,Movimento,1,unknown,98,vitalita_alta
593928,1,1,1,178,192,100,100,1,14,31,100,100,19,11,12,2,11,0,0,100,100,100,100,76,100,100,32,1,1789124621.190000,G1,T01,Movimento,1,unknown,99,vitalita_alta
594128,1,1,1,203,153,100,100,1,22,36,100,100,65,25,14,24,21,0,0,100,100,100,100,76,100,100,32,1,1789124621.390000,G1,T01,Movimento,1,unknown,99,vitalita_alta
594328,1,1,1,180,213,100,100,1,19,35,100,100,44,15,3,16,15,0,0,100,100,100,100,78,100,100,32,1,1789124621.590000,G1,T01,Movimento,1,unknown,100,vitalita_alta
594528,1,1,1,188,203,100,100,1,14,26,100,100,28,9,2,11,8,0,0,100,100,100,100,80,100,100,31,1,1789124621.790000,G1,T01,Movimento,1,unknown,100,vitalita_alta
594728,1,1,1,159,231,84,100,1,24,23,84,48,52,7,4,6,4,0,0,100,100,100,100,81,100,100,32,1,1789124621.990000,G1,T01,Movimento,1,unknown,98,vitalita_alta
594928,1,1,1,224,189,100,100,1,14,16,68,100,66,18,12,27,16,0,0,100,100,100,100,78,100,100,32,1,1789124622.190000,G1,T01,Movimento,1,unknown,97,vitalita_alta
595128,1,1,1,213,199,60,100,1,16,18,44,60,30,13,4,31,27,0,0,100,100,100,100,79,100,100,32,1,1789124622.390000,G1,T01,Movimento,1,unknown,95,vitalita_moderata
595328,1,1,1,192,168,93,100,1,16,19,89,93,33,11,2,7,8,0,0,100,100,100,100,80,100,100,32,1,1789124622.590000,G1,T01,Movimento,1,unknown,95,vitalita_alta
595528,1,1,1,193,160,100,100,1,14,23,100,100,35,4,3,1,1,0,0,100,100,100,100,80,100,100,32,1,1789124622.790000,G1,T01,Movimento,1,unknown,96,vitalita_alta
595728,1,1,1,164,184,100,100,1,18,46,100,100,8,8,7,7,13,0,0,100,100,100,100,78,100,100,32,1,1789124622.990000,G1,T01,Movimento,1,unknown,96,vitalita_alta
595928,1,1,1,164,216,51,100,1,16,30,51,42,23,11,17,17,7,0,0,100,100,100,100,79,100,100,32,1,1789124623.190000,G1,T01,Movimento,1,unknown,95,vitalita_moderata
596128,1,1,1,181,160,77,100,1,19,24,77,73,30,20,10,17,20,0,0,100,100,100,100,77,100,100,32,1,1789124623.390000,G1,T01,Movimento,1,unknown,94,vitalita_moderata
596328,1,1,1,168,152,100,100,1,16,35,100,82,53,10,12,10,5,0,0,100,100,100,100,77,100,100,32,1,1789124623.590000,G1,T01,Movimento,1,unknown,95,vitalita_moderata
596528,1,1,1,213,200,92,100,1,18,8,60,92,30,10,4,6,5,0,0,100,100,100,100,78,100,100,32,1,1789124623.790000,G1,T01,Movimento,1,unknown,94,vitalita_moderata
596728,1,1,1,223,213,61,100,1,14,23,55,61,55,12,3,17,15,0,0,100,100,100,100,75,100,100,32,1,1789124623.990000,G1,T01,Movimento,1,unknown,92,vitalita_moderata
596928,1,1,1,179,192,98,100,1,13,13,98,88,18,18,10,37,35,0,0,100,100,100,100,76,100,100,32,1,1789124624.190000,G1,T01,Movimento,1,unknown,93,vitalita_moderata
597128,1,1,1,177,174,100,100,1,17,15,100,98,23,11,5,4,3,0,0,100,100,100,100,75,100,100,32,1,1789124624.390000,G1,T01,Movimento,1,unknown,94,vitalita_moderata
597328,1,1,1,189,189,100,100,1,15,28,100,100,42,10,6,5,4,0,0,100,100,100,100,73,100,100,32,1,1789124624.590000,G1,T01,Movimento,1,unknown,94,vitalita_moderata
597528,1,1,1,179,171,95,100,1,15,38,95,89,46,14,8,9,4,0,0,100,100,100,100,71,100,100,32,1,1789124624.790000,G1,T01,Movimento,1,unknown,95,vitalita_moderata
597728,1,1,1,195,159,43,100,1,16,19,40,43,17,18,11,24,11,0,0,100,100,100,100,70,100,100,32,1,1789124624.990000,G1,T01,Movimento,1,unknown,93,vitalita_moderata
597928,1,1,1,181,186,100,100,1,17,33,100,100,39,13,17,29,29,0,0,100,100,100,100,72,100,100,32,1,1789124625.190000,G1,T01,Movimento,1,unknown,94,vitalita_moderata
598128,1,1,1,181,161,78,100,1,15,15,78,73,36,15,5,4,8,0,0,100,100,100,100,72,100,100,32,1,1789124625.390000,G1,T01,Movimento,1,unknown,93,vitalita_moderata
598328,1,1,1,172,165,100,100,1,16,56,100,100,59,1,11,0,7,0,0,100,100,100,100,69,100,100,32,1,1789124625.590000,G1,T01,Movimento,1,unknown,94,vitalita_moderata
598528,1,1,1,212,176,83,100,1,17,16,57,83,29,13,12,5,6,0,0,100,100,100,100,66,100,100,32,1,1789124625.790000,G1,T01,Movimento,1,unknown,93,vitalita_moderata
598728,1,1,1,198,179,100,100,1,15,25,100,100,59,11,8,23,17,0,0,100,100,100,97,65,100,100,32,1,1789124625.990000,G1,T01,Movimento,1,unknown,94,vitalita_moderata
598928,1,1,1,158,198,100,100,1,14,30,100,61,5,4,10,34,27,0,0,100,100,100,100,66,100,100,32,1,1789124626.190000,G1,T01,Movimento,1,unknown,95,vitalita_moderata
599128,1,1,1,247,165,76,100,1,16,22,21,76,62,19,22,15,9,0,0,100,100,100,97,68,100,100,32,1,1789124626.390000,G1,T01,Movimento,1,unknown,92,vitalita_moderata
599328,1,1,1,165,183,100,100,1,15,47,100,100,8,12,16,2,4,0,0,100,100,100,95,69,100,100,32,1,1789124626.590000,G1,T01,Movimento,1,unknown,93,vitalita_moderata
599528,1,1,1,180,166,100,100,1,18,25,100,100,24,12,12,13,15,0,0,100,100,100,98,69,100,100,32,1,1789124626.790000,G1,T01,Movimento,1,unknown,94,vitalita_moderata
599728,1,0,1,0,181,0,100,1,20,12,37,27,15,9,7,29,32,0,0,100,100,100,96,70,100,100,32,1,1789124626.990000,G1,T01,Movimento,1,unknown,91,vitalita_moderata
599928,1,1,1,189,166,100,100,1,18,53,100,100,67,21,6,6,2,0,0,100,100,100,98,68,100,100,32,1,1789124627.190000,G1,T01,Movimento,1,unknown,93,vitalita_moderata
600128,1,1,1,193,172,100,100,1,18,34,100,100,75,1,12,14,15,0,0,100,100,100,92,70,100,100,32,1,1789124627.390000,G1,T01,Movimento,1,unknown,94,vitalita_moderata
600328,1,1,1,200,179,97,100,1,14,31,86,97,43,16,7,5,3,0,0,100,100,100,94,70,100,100,32,1,1789124627.590000,G1,T01,Movimento,1,unknown,94,vitalita_moderata
600528,1,1,1,202,177,100,100,1,18,27,88,100,44,13,10,14,12,0,0,100,100,100,96,71,100,100,32,1,1789124627.790000,G1,T01,Movimento,1,unknown,94,vitalita_moderata
600728,1,1,1,209,165,100,100,1,20,29,100,100,79,30,11,22,25,0,0,100,100,100,98,73,100,100,32,1,1789124627.990000,G1,T01,Movimento,1,unknown,95,vitalita_moderata
600928,1,1,1,155,172,100,100,1,14,31,100,49,32,20,15,11,6,0,0,100,100,100,100,73,100,100,32,1,1789124628.190000,G1,T01,Movimento,1,unknown,95,vitalita_alta
601128,1,1,1,166,178,100,100,1,13,62,100,100,10,8,9,9,3,0,0,100,100,100,100,79,100,100,32,1,1789124628.390000,G1,T01,Movimento,1,unknown,96,vitalita_alta
601328,1,1,1,166,165,100,100,1,14,33,100,82,15,17,11,13,7,0,0,100,100,100,100,80,100,100,32,1,1789124628.590000,G1,T01,Movimento,1,unknown,97,vitalita_alta
601528,1,1,1,199,175,100,100,1,19,28,100,100,57,20,15,18,18,0,0,100,100,100,100,80,100,100,32,1,1789124628.790000,G1,T01,Movimento,1,unknown,97,vitalita_alta
601728,1,1,1,176,166,57,100,1,18,22,57,51,27,25,6,20,17,0,0,100,100,100,100,81,100,100,32,1,1789124628.990000,G1,T01,Movimento,1,unknown,96,vitalita_alta
601928,1,1,1,256,210,52,100,1,15,22,42,52,51,15,6,9,6,0,0,100,100,100,100,80,100,100,32,1,1789124629.190000,G1,T01,Movimento,1,unknown,93,vitalita_moderata
602128,1,1,1,178,188,100,100,1,13,35,100,100,21,7,11,13,8,0,0,100,100,100,100,82,100,100,31,1,1789124629.390000,G1,T01,Movimento,1,unknown,94,vitalita_moderata
602328,1,1,1,201,191,100,100,1,20,32,100,100,59,12,7,9,9,0,0,100,100,100,100,82,100,100,31,1,1789124629.590000,G1,T01,Movimento,1,unknown,95,vitalita_alta
602528,1,1,1,172,221,87,100,1,14,10,87,68,30,22,5,30,31,0,0,100,100,100,100,83,100,100,32,1,1789124629.790000,G1,T01,Movimento,1,unknown,95,vitalita_alta
602728,1,1,1,206,180,58,100,1,17,15,41,58,7,12,6,6,8,0,0,100,100,100,100,86,100,100,32,1,1789124629.990000,G1,T01,Movimento,1,unknown,93,vitalita_moderata
602928,1,1,1,176,161,100,100,1,17,24,100,100,32,7,12,9,2,0,0,100,100,100,100,89,100,100,32,1,1789124630.190000,G1,T01,Movimento,1,unknown,94,vitalita_moderata
603128,1,1,1,208,173,84,100,1,16,8,60,84,21,10,7,5,11,0,0,100,100,100,100,88,100,100,31,1,1789124630.390000,G1,T01,Movimento,1,unknown,93,vitalita_moderata
603328,1,1,1,166,176,100,100,1,16,47,100,100,35,11,10,17,14,0,0,100,100,100,100,85,100,100,31,1,1789124630.590000,G1,T01,Movimento,1,unknown,94,vitalita_moderata
603528,1,1,1,209,164,64,100,1,16,19,54,64,41,14,10,26,20,0,0,100,100,100,100,86,100,100,31,1,1789124630.790000,G1,T01,Movimento,1,unknown,93,vitalita_moderata
603728,1,1,1,166,188,100,100,1,14,54,100,100,28,13,7,16,14,0,0,100,100,100,100,86,100,100,31,1,1789124630.990000,G1,T01,Movimento,1,unknown,94,vitalita_moderata
603928,1,1,1,189,166,100,100,1,14,33,100,100,50,13,8,7,2,0,0,100,100,100,100,90,100,100,31,1,1789124631.190000,G1,T01,Movimento,1,unknown,94,vitalita_moderata
604128,1,1,1,157,163,100,100,1,15,30,100,57,29,16,8,10,7,0,0,100,100,100,100,89,100,100,31,1,1789124631.390000,G1,T01,Movimento,1,unknown,95,vitalita_alta
604328,1,1,1,179,182,70,100,1,19,31,70,66,35,24,11,16,20,0,0,100,100,100,100,89,100,100,31,1,1789124631.590000,G1,T01,Movimento,1,unknown,94,vitalita_moderata
604528,1,1,1,188,179,100,100,1,15,31,100,100,38,5,13,14,6,0,0,100,100,100,100,90,100,100,31,1,1789124631.790000,G1,T01,Movimento,1,unknown,95,vitalita_alta
604728,1,1,1,166,209,55,100,1,16,18,55,41,17,11,3,11,12,0,0,100,100,100,100,92,100,100,31,1,1789124631.990000,G1,T01,Movimento,1,unknown,94,vitalita_moderata
604928,1,1,1,169,194,100,100,1,16,18,100,84,8,18,11,1,3,0,0,100,100,100,100,91,100,100,31,1,1789124632.190000,G1,T01,Movimento,1,unknown,95,vitalita_moderata
605128,1,1,1,171,198,70,100,1,15,18,70,55,22,7,11,21,14,0,0,100,100,100,100,85,100,100,31,1,1789124632.390000,G1,T01,Movimento,1,unknown,94,vitalita_moderata
605328,1,1,1,202,203,100,100,1,20,26,100,100,38,13,9,30,30,0,0,100,100,100,100,86,100,100,31,1,1789124632.590000,G1,T01,Movimento,1,unknown,95,vitalita_alta
605528,1,1,1,203,183,100,100,1,15,18,100,100,35,13,10,15,7,0,0,100,100,100,100,87,100,100,31,1,1789124632.790000,G1,T01,Movimento,1,unknown,96,vitalita_alta
605728,1,1,1,226,222,100,100,1,15,22,74,100,80,13,5,12,7,0,0,100,100,100,100,87,100,100,31,1,1789124632.990000,G1,T01,Movimento,1,unknown,95,vitalita_alta
605928,1,1,1,189,200,59,100,1,16,22,59,59,23,12,11,9,14,0,0,100,100,100,98,89,100,100,31,1,1789124633.190000,G1,T01,Movimento,1,unknown,94,vitalita_moderata
606128,1,1,1,166,172,100,100,1,13,46,100,100,18,10,9,21,11,0,0,100,100,100,98,84,100,100,31,1,1789124633.390000,G1,T01,Movimento,1,unknown,95,vitalita_moderata
606328,1,1,1,202,203,100,100,1,14,22,100,100,72,27,13,23,26,0,0,100,100,100,98,85,100,100,31,1,1789124633.590000,G1,T01,Movimento,1,unknown,96,vitalita_alta
606528,1,1,1,188,185,100,100,1,16,33,100,100,43,20,13,4,4,0,0,100,100,100,100,87,100,100,31,1,1789124633.790000,G1,T01,Movimento,1,unknown,96,vitalita_alta
606728,1,1,1,206,183,100,100,1,16,14,97,100,35,6,7,7,8,0,0,100,100,100,100,88,100,100,31,1,1789124633.990000,G1,T01,Movimento,1,unknown,97,vitalita_alta
606928,1,1,1,177,154,100,100,1,17,55,100,100,48,18,14,16,7,0,0,100,100,100,100,84,100,100,31,1,1789124634.190000,G1,T01,Movimento,1,unknown,97,vitalita_alta
607128,1,1,1,168,185,74,100,1,18,25,74,57,14,6,17,17,11,0,0,100,100,100,100,84,100,100,31,1,1789124634.390000,G1,T01,Movimento,1,unknown,97,vitalita_alta
607328,1,0,1,0,164,0,100,1,17,16,62,21,63,26,10,16,18,0,0,100,100,100,100,86,100,100,31,1,1789124634.590000,G1,T01,Movimento,1,unknown,95,vitalita_alta
607528,1,1,1,204,222,100,100,1,18,13,100,100,45,11,8,10,14,0,0,100,100,100,100,85,100,100,31,1,1789124634.790000,G1,T01,Movimento,1,unknown,96,vitalita_alta
607728,1,1,1,188,173,100,100,1,26,18,100,100,38,4,8,2,8,0,0,100,100,100,100,84,100,100,31,1,1789124634.990000,G1,T01,Movimento,1,unknown,97,vitalita_alta
607928,1,1,1,213,190,100,100,1,16,28,100,100,62,12,14,10,2,0,0,100,100,100,100,79,100,100,31,1,1789124635.190000,G1,T01,Movimento,1,unknown,98,vitalita_alta
608128,1,1,1,174,191,80,100,1,16,30,80,70,26,7,12,13,19,0,0,100,100,100,100,79,100,100,31,1,1789124635.390000,G1,T01,Movimento,1,unknown,97,vitalita_alta
608328,1,1,1,177,192,100,100,1,19,29,100,95,17,13,15,13,12,0,0,100,100,100,100,79,100,100,31,1,1789124635.590000,G1,T01,Movimento,1,unknown,98,vitalita_alta
608528,1,1,1,185,192,58,100,1,13,15,58,57,41,20,11,3,5,0,0,100,100,100,100,80,100,100,32,1,1789124635.790000,G1,T01,Movimento,1,unknown,96,vitalita_alta
608728,1,0,1,0,189,0,100,1,14,22,29,16,25,6,6,4,1,0,0,100,100,100,98,79,100,100,32,1,1789124635.990000,G1,T01,Movimento,1,unknown,93,vitalita_moderata
608928,1,1,1,171,189,87,100,1,13,17,87,68,12,12,12,5,4,0,0,100,100,100,100,78,100,100,31,1,1789124636.190000,G1,T01,Movimento,1,unknown,94,vitalita_moderata
609128,1,1,1,192,189,100,100,1,14,22,100,100,28,13,9,29,25,0,0,100,100,100,98,80,100,100,31,1,1789124636.390000,G1,T01,Movimento,1,unknown,95,vitalita_moderata
609328,1,1,1,180,166,100,100,1,17,20,100,100,18,13,4,16,16,0,0,100,100,100,99,79,100,100,31,1,1789124636.590000,G1,T01,Movimento,1,unknown,95,vitalita_alta
609528,1,1,1,164,159,81,100,1,15,19,81,53,9,15,14,8,5,0,0,100,100,100,99,79,100,100,31,1,1789124636.790000,G1,T01,Movimento,1,unknown,95,vitalita_alta
609728,1,1,1,197,182,100,100,1,16,28,100,100,54,10,7,2,1,0,0,100,100,100,100,78,100,100,32,1,1789124636.990000,G1,T01,Movimento,1,unknown,96,vitalita_alta
609928,1,1,1,161,190,100,100,1,16,42,100,89,18,10,19,25,15,0,0,100,100,100,100,76,100,100,32,1,1789124637.190000,G1,T01,Movimento,1,unknown,97,vitalita_alta
610128,1,1,1,164,208,100,100,1,15,44,100,100,31,11,8,31,34,0,0,100,100,100,100,76,100,100,32,1,1789124637.390000,G1,T01,Movimento,1,unknown,97,vitalita_alta
610328,1,1,1,219,217,77,100,1,15,13,48,77,37,11,4,8,5,0,0,100,100,100,100,79,100,100,32,1,1789124637.590000,G1,T01,Movimento,1,unknown,95,vitalita_alta
610528,1,1,1,212,188,66,100,1,14,16,47,66,28,10,10,6,5,0,0,100,100,100,99,77,100,100,32,1,1789124637.790000,G1,T01,Movimento,1,unknown,93,vitalita_moderata
610728,1,0,1,0,300,0,100,1,13,46,100,81,28,7,9,7,9,0,0,100,100,100,97,76,100,100,32,1,1789124637.990000,G1,T01,Movimento,1,unknown,90,vitalita_moderata
610928,1,1,1,178,178,100,100,1,13,18,100,94,37,17,10,16,13,0,0,100,100,100,97,77,100,100,32,1,1789124638.190000,G1,T01,Movimento,1,unknown,92,vitalita_moderata
611128,1,1,1,219,192,80,100,1,19,24,49,80,38,25,11,25,27,0,0,100,100,100,99,77,100,100,32,1,1789124638.390000,G1,T01,Movimento,1,unknown,90,vitalita_moderata
611328,1,1,1,174,206,100,100,1,17,24,100,92,32,13,5,6,1,0,0,100,100,100,99,76,100,100,32,1,1789124638.590000,G1,T01,Movimento,1,unknown,91,vitalita_moderata
611528,1,1,1,203,176,100,100,1,16,20,100,100,57,16,13,5,6,0,0,100,100,100,97,77,100,100,32,1,1789124638.790000,G1,T01,Movimento,1,unknown,92,vitalita_moderata
611728,1,1,1,200,205,100,100,1,17,18,100,100,64,4,11,11,2,0,0,100,100,100,98,76,100,100,32,1,1789124638.990000,G1,T01,Movimento,1,unknown,93,vitalita_moderata
611928,1,1,1,171,175,65,100,1,14,24,65,54,22,8,10,19,24,0,0,100,100,100,95,75,100,100,32,1,1789124639.190000,G1,T01,Movimento,1,unknown,92,vitalita_moderata
612128,1,1,1,176,176,100,100,1,22,35,100,100,25,5,14,19,14,0,0,100,100,100,96,74,100,100,32,1,1789124639.390000,G1,T01,Movimento,1,unknown,93,vitalita_moderata
612328,1,1,1,162,189,41,100,1,16,15,41,28,6,25,18,9,4,0,0,100,100,100,99,79,100,100,32,1,1789124639.590000,G1,T01,Movimento,1,unknown,91,vitalita_moderata
612528,1,1,1,206,163,46,100,1,16,18,42,46,32,4,6,9,3,0,0,100,100,100,100,78,100,100,33,1,1789124639.790000,G1,T01,Movimento,1,unknown,89,vitalita_moderata
612728,1,1,1,164,183,100,100,1,18,39,100,100,31,15,18,17,8,0,0,100,100,100,100,77,100,100,33,1,1789124639.990000,G1,T01,Movimento,1,unknown,90,vitalita_moderata
612928,1,1,1,196,172,100,100,1,16,20,100,100,39,23,10,36,34,0,0,100,100,100,100,76,100,100,33,1,1789124640.190000,G1,T01,Movimento,1,unknown,91,vitalita_moderata
613128,1,1,1,183,218,100,100,1,14,31,100,100,36,9,4,18,16,0,0,100,100,100,100,76,100,100,32,1,1789124640.390000,G1,T01,Movimento,1,unknown,92,vitalita_moderata
613328,1,1,1,170,189,100,100,1,20,28,100,97,18,10,1,9,6,0,0,100,100,100,100,75,100,100,32,1,1789124640.590000,G1,T01,Movimento,1,unknown,93,vitalita_moderata
613528,1,1,1,203,209,84,100,1,14,26,74,84,47,6,6,5,2,0,0,100,100,100,100,75,100,100,32,1,1789124640.790000,G1,T01,Movimento,1,unknown,93,vitalita_moderata
613728,1,1,1,200,193,68,100,1,22,17,56,68,12,8,5,16,19,0,0,100,100,100,100,73,100,100,33,1,1789124640.990000,G1,T01,Movimento,1,unknown,91,vitalita_moderata
613928,1,1,1,174,194,100,100,1,16,34,100,100,33,20,10,16,14,0,0,100,100,100,100,73,100,100,33,1,1789124641.190000,G1,T01,Movimento,1,unknown,92,vitalita_moderata
614128,1,1,1,199,180,49,100,1,15,13,44,49,21,14,11,8,2,0,0,100,100,100,100,78,100,100,33,1,1789124641.390000,G1,T01,Movimento,1,unknown,91,vitalita_moderata
614328,1,1,1,160,179,87,100,1,18,14,87,46,12,1,8,10,1,0,0,100,100,100,100,79,100,100,33,1,1789124641.590000,G1,T01,Movimento,1,unknown,91,vitalita_moderata
614528,1,1,1,165,165,85,100,1,17,31,85,63,16,8,19,20,12,0,0,100,100,100,100,79,100,100,33,1,1789124641.790000,G1,T01,Movimento,1,unknown,91,vitalita_moderata
614728,1,1,1,200,162,74,100,1,15,12,63,74,22,11,5,33,37,0,0,100,100,100,100,77,100,100,32,1,1789124641.990000,G1,T01,Movimento,1,unknown,90,vitalita_moderata
614928,1,1,1,171,179,100,100,1,18,23,100,81,13,4,12,14,7,0,0,100,100,100,100,78,100,100,32,1,1789124642.190000,G1,T01,Movimento,1,unknown,92,vitalita_moderata
615128,1,1,1,181,163,100,100,1,14,34,100,100,20,11,1,6,9,0,0,100,100,100,100,79,100,100,33,1,1789124642.390000,G1,T01,Movimento,1,unknown,92,vitalita_moderata
615328,1,1,1,149,206,91,100,1,22,34,91,32,23,13,12,10,9,0,0,100,100,100,100,80,100,100,33,1,1789124642.590000,G1,T01,Movimento,1,unknown,93,vitalita_moderata
615528,1,1,1,196,229,93,100,1,21,20,85,93,30,10,9,19,12,0,0,100,100,100,100,79,100,100,33,1,1789124642.790000,G1,T01,Movimento,1,unknown,93,vitalita_moderata
615728,1,1,1,210,210,92,100,1,17,22,71,92,44,15,2,39,36,0,0,100,100,100,100,76,100,100,32,1,1789124642.990000,G1,T01,Movimento,1,unknown,93,vitalita_moderata
615928,1,1,1,180,167,100,100,1,16,42,100,100,46,10,8,7,2,0,0,100,100,100,100,78,100,100,33,1,1789124643.190000,G1,T01,Movimento,1,unknown,94,vitalita_moderata
616128,1,1,1,165,164,100,100,1,13,34,100,86,5,9,15,9,2,0,0,100,100,100,100,81,100,100,33,1,1789124643.390000,G1,T01,Movimento,1,unknown,94,vitalita_moderata
616328,1,1,1,164,183,78,100,1,16,24,78,54,33,21,15,11,10,0,0,100,100,100,100,77,100,100,32,1,1789124643.590000,G1,T01,Movimento,1,unknown,94,vitalita_moderata
616528,1,1,1,154,206,82,100,1,16,16,82,30,30,8,15,20,10,0,0,100,100,100,100,76,100,100,32,1,1789124643.790000,G1,T01,Movimento,1,unknown,94,vitalita_moderata
616728,1,1,1,159,174,63,100,1,14,25,63,41,46,35,7,20,23,0,0,100,100,100,100,76,100,100,32,1,1789124643.990000,G1,T01,Movimento,1,unknown,93,vitalita_moderata
616928,1,1,1,175,168,69,100,1,24,7,69,58,18,18,16,8,4,0,0,100,100,100,100,79,100,100,32,1,1789124644.190000,G1,T01,Movimento,1,unknown,92,vitalita_moderata
617128,1,1,1,248,191,37,100,1,19,12,14,37,32,20,13,9,7,0,0,100,100,100,100,79,100,100,32,1,1789124644.390000,G1,T01,Movimento,1,unknown,89,vitalita_moderata
617328,1,1,1,199,176,100,100,1,19,27,100,100,45,15,2,12,10,0,0,100,100,100,100,78,100,100,32,1,1789124644.590000,G1,T01,Movimento,1,unknown,90,vitalita_moderata
617528,1,1,1,181,228,100,100,1,16,38,100,100,27,16,16,29,27,0,0,100,100,100,100,77,100,100,32,1,1789124644.790000,G1,T01,Movimento,1,unknown,91,vitalita_moderata
617728,1,1,1,175,186,100,100,1,16,27,100,100,22,6,10,18,12,0,0,100,100,100,100,79,100,100,32,1,1789124644.990000,G1,T01,Movimento,1,unknown,92,vitalita_moderata
617928,1,1,1,190,205,100,100,1,19,22,100,100,42,12,7,4,13,0,0,100,100,100,100,81,100,100,32,1,1789124645.190000,G1,T01,Movimento,1,unknown,93,vitalita_moderata
618128,1,1,1,172,185,100,100,1,21,34,100,100,9,10,10,10,3,0,0,100,100,100,100,77,100,100,32,1,1789124645.390000,G1,T01,Movimento,1,unknown,94,vitalita_moderata
618328,1,1,1,166,174,90,100,1,18,23,90,64,19,2,8,10,3,0,0,100,100,100,100,74,100,100,32,1,1789124645.590000,G1,T01,Movimento,1,unknown,94,vitalita_moderata
618528,1,1,1,159,169,49,100,1,18,13,49,28,25,6,13,32,26,0,0,100,100,100,100,75,100,100,32,1,1789124645.790000,G1,T01,Movimento,1,unknown,92,vitalita_moderata
618728,1,1,1,193,214,100,100,1,19,32,100,100,37,12,11,7,9,0,0,100,100,100,100,76,100,100,32,1,1789124645.990000,G1,T01,Movimento,1,unknown,93,vitalita_moderata
618928,1,1,1,178,165,100,100,1,16,21,100,100,13,6,5,9,10,0,0,100,100,100,100,74,100,100,32,1,1789124646.190000,G1,T01,Movimento,1,unknown,94,vitalita_moderata
619128,1,1,1,158,228,97,100,1,20,27,97,53,29,16,4,12,9,0,0,100,100,100,100,72,100,100,32,1,1789124646.390000,G1,T01,Movimento,1,unknown,93,vitalita_moderata
619328,1,1,1,206,182,100,100,1,17,11,93,100,30,3,10,21,18,0,0,100,100,100,100,69,100,100,32,1,1789124646.590000,G1,T01,Movimento,1,unknown,93,vitalita_moderata
619528,1,1,1,214,233,90,100,1,16,15,59,90,34,12,11,20,24,0,0,100,100,100,100,70,100,100,32,1,1789124646.790000,G1,T01,Movimento,1,unknown,94,vitalita_moderata
619728,1,1,1,184,186,100,100,1,18,20,100,100,23,5,3,1,7,0,0,100,100,100,100,74,100,100,32,1,1789124646.990000,G1,T01,Movimento,1,unknown,95,vitalita_moderata
619928,1,1,1,253,201,54,100,1,17,21,26,54,50,17,5,3,1,0,0,100,100,100,98,74,100,100,32,1,1789124647.190000,G1,T01,Movimento,1,unknown,92,vitalita_moderata
620128,1,1,1,212,208,100,100,1,18,10,77,100,46,10,14,15,12,0,0,100,100,100,97,73,100,100,32,1,1789124647.390000,G1,T01,Movimento,1,unknown,92,vitalita_moderata
620328,1,1,1,227,218,54,100,1,15,14,33,54,36,14,11,29,25,0,0,100,100,100,94,73,100,100,32,1,1789124647.590000,G1,T01,Movimento,1,unknown,89,vitalita_moderata
620528,1,1,1,166,215,61,100,1,13,19,61,46,58,16,5,14,14,0,0,100,100,100,97,73,100,100,31,1,1789124647.790000,G1,T01,Movimento,1,unknown,88,vitalita_moderata
620728,1,1,1,169,159,100,100,1,15,41,100,88,31,2,7,7,4,0,0,100,100,100,94,72,100,100,31,1,1789124647.990000,G1,T01,Movimento,1,unknown,90,vitalita_moderata
620928,1,1,1,195,209,100,100,1,19,26,100,100,33,14,8,5,7,0,0,100,100,100,97,72,100,100,31,1,1789124648.190000,G1,T01,Movimento,1,unknown,91,vitalita_moderata
621128,1,1,1,216,164,92,100,1,17,10,56,92,35,5,8,16,15,0,0,100,100,100,96,71,100,100,31,1,1789124648.390000,G1,T01,Movimento,1,unknown,90,vitalita_moderata
621328,1,1,1,202,218,100,100,1,19,26,95,100,56,27,10,34,30,0,0,100,100,100,99,71,100,100,31,1,1789124648.590000,G1,T01,Movimento,1,unknown,91,vitalita_moderata
621528,1,1,1,192,200,91,100,1,14,22,87,91,41,10,16,14,3,0,0,100,100,100,100,74,100,100,31,1,1789124648.790000,G1,T01,Movimento,1,unknown,91,vitalita_moderata
621728,1,1,1,169,164,100,100,1,17,48,100,100,19,12,13,1,2,0,0,100,100,100,100,75,100,100,32,1,1789124648.990000,G1,T01,Movimento,1,unknown,92,vitalita_moderata
621928,1,1,1,168,186,74,100,1,16,19,74,56,7,9,10,3,2,0,0,100,100,100,100,73,100,100,31,1,1789124649.190000,G1,T01,Movimento,1,unknown,92,vitalita_moderata
622128,1,1,1,215,168,97,100,1,14,11,66,97,42,11,16,20,19,0,0,100,100,100,100,73,100,100,31,1,1789124649.390000,G1,T01,Movimento,1,unknown,91,vitalita_moderata
622328,1,1,1,159,206,100,100,1,17,45,100,82,52,17,11,13,10,0,0,100,100,100,100,76,100,100,31,1,1789124649.590000,G1,T01,Movimento,1,unknown,92,vitalita_moderata
622528,1,1,1,171,201,100,100,1,16,37,100,100,29,13,7,11,8,0,0,100,100,100,100,75,100,100,31,1,1789124649.790000,G1,T01,Movimento,1,unknown,93,vitalita_moderata
622728,1,1,1,206,204,98,100,1,19,26,84,98,57,18,10,7,4,0,0,100,100,100,100,75,100,100,31,1,1789124649.990000,G1,T01,Movimento,1,unknown,93,vitalita_moderata
622928,1,1,1,168,174,51,100,1,15,18,51,40,24,12,11,22,18,0,0,100,100,100,100,75,100,100,31,1,1789124650.190000,G1,T01,Movimento,1,unknown,91,vitalita_moderata
623128,1,1,1,183,183,100,100,1,14,46,100,100,56,19,2,34,29,0,0,100,100,100,100,75,100,100,31,1,1789124650.390000,G1,T01,Movimento,1,unknown,92,vitalita_moderata
623328,1,1,1,162,176,92,100,1,17,23,92,58,29,8,8,2,2,0,0,100,100,100,100,78,100,100,31,1,1789124650.590000,G1,T01,Movimento,1,unknown,93,vitalita_moderata
623528,1,1,1,179,171,100,100,1,15,46,100,100,32,2,6,5,4,0,0,100,100,100,100,79,100,100,31,1,1789124650.790000,G1,T01,Movimento,1,unknown,94,vitalita_moderata
623728,1,1,1,164,195,100,100,1,17,21,100,74,32,11,10,8,9,0,0,100,100,100,100,80,100,100,32,1,1789124650.990000,G1,T01,Movimento,1,unknown,95,vitalita_moderata
623928,1,1,1,206,222,94,100,1,14,14,72,94,30,19,5,13,9,0,0,100,100,100,100,77,100,100,31,1,1789124651.190000,G1,T01,Movimento,1,unknown,94,vitalita_moderata
624128,1,1,1,210,175,100,100,1,15,22,100,100,54,18,3,18,17,0,0,100,100,100,100,79,100,100,31,1,1789124651.390000,G1,T01,Movimento,1,unknown,95,vitalita_moderata
624328,1,1,1,195,205,100,100,1,18,32,100,100,29,8,3,8,8,0,0,100,100,100,100,78,100,100,31,1,1789124651.590000,G1,T01,Movimento,1,unknown,96,vitalita_alta
624528,1,1,1,183,197,100,100,1,15,42,100,100,51,13,6,10,8,0,0,100,100,100,100,78,100,100,31,1,1789124651.790000,G1,T01,Movimento,1,unknown,96,vitalita_alta
624728,1,1,1,174,197,100,100,1,16,54,100,100,31,8,3,10,10,0,0,100,100,100,100,78,100,100,31,1,1789124651.990000,G1,T01,Movimento,1,unknown,97,vitalita_alta
624928,1,1,1,203,189,100,100,1,16,18,100,100,58,27,8,22,27,0,0,100,100,100,100,75,100,100,31,1,1789124652.190000,G1,T01,Movimento,1,unknown,98,vitalita_alta
625128,1,1,1,171,216,100,100,1,13,30,100,100,21,15,2,10,9,0,0,100,100,100,100,77,100,100,32,1,1789124652.390000,G1,T01,Movimento,1,unknown,98,vitalita_alta
625328,1,1,1,176,178,76,100,1,16,25,76,68,21,13,6,9,3,0,0,100,100,100,100,78,100,100,31,1,1789124652.590000,G1,T01,Movimento,1,unknown,98,vitalita_alta
625528,1,1,1,174,176,100,100,1,20,47,100,100,8,12,3,8,5,0,0,100,100,100,100,76,100,100,31,1,1789124652.790000,G1,T01,Movimento,1,unknown,98,vitalita_alta
625728,1,1,1,168,172,93,100,1,14,20,93,68,15,10,21,23,11,0,0,100,100,100,100,76,100,100,32,1,1789124652.990000,G1,T01,Movimento,1,unknown,98,vitalita_alta
625928,1,1,1,164,162,100,100,1,19,52,100,100,21,14,6,30,27,0,0,100,100,100,100,76,100,100,31,1,1789124653.190000,G1,T01,Movimento,1,unknown,99,vitalita_alta
626128,1,1,1,203,201,100,100,1,18,32,100,100,65,23,13,14,8,0,0,100,100,100,100,77,100,100,31,1,1789124653.390000,G1,T01,Movimento,1,unknown,100,vitalita_alta
626328,1,1,1,196,171,66,100,1,15,15,63,66,41,17,9,7,4,0,0,100,100,100,100,76,100,100,31,1,1789124653.590000,G1,T01,Movimento,1,unknown,98,vitalita_alta
626528,1,1,1,178,172,100,100,1,15,37,100,100,49,1,4,5,2,0,0,100,100,100,100,74,100,100,31,1,1789124653.790000,G1,T01,Movimento,1,unknown,99,vitalita_alta
626728,1,1,1,169,155,88,100,1,15,30,88,70,12,12,8,19,21,0,0,100,100,100,100,72,100,100,31,1,1789124653.990000,G1,T01,Movimento,1,unknown,99,vitalita_alta
626928,1,1,1,195,191,100,100,1,18,31,100,100,31,21,19,33,25,0,0,100,100,100,100,75,100,100,31,1,1789124654.190000,G1,T01,Movimento,1,unknown,99,vitalita_alta
627128,1,1,1,169,205,98,100,1,13,14,98,72,19,6,9,12,12,0,0,100,100,100,100,77,100,100,31,1,1789124654.390000,G1,T01,Movimento,1,unknown,100,vitalita_alta
627328,1,1,1,181,209,100,100,1,15,38,100,100,33,9,3,6,1,0,0,100,100,100,100,75,100,100,31,1,1789124654.590000,G1,T01,Movimento,1,unknown,100,vitalita_alta
627528,1,1,1,226,175,100,100,1,15,14,65,100,70,12,6,6,11,0,0,100,100,100,100,75,100,100,31,1,1789124654.790000,G1,T01,Movimento,1,unknown,99,vitalita_alta
627728,1,1,1,178,179,61,100,1,21,19,61,55,18,8,12,17,9,0,0,100,100,100,100,71,100,100,31,1,1789124654.990000,G1,T01,Movimento,1,unknown,98,vitalita_alta
627928,1,1,1,183,162,100,100,1,24,61,100,100,51,16,5,16,24,0,0,100,100,100,100,76,100,100,31,1,1789124655.190000,G1,T01,Movimento,1,unknown,98,vitalita_alta
628128,1,1,1,176,175,100,100,1,15,48,100,100,21,12,7,16,11,0,0,100,100,100,100,75,100,100,31,1,1789124655.390000,G1,T01,Movimento,1,unknown,99,vitalita_alta
628328,1,1,1,179,185,100,100,1,13,37,100,100,35,4,3,8,9,0,0,100,100,100,100,76,100,100,31,1,1789124655.590000,G1,T01,Movimento,1,unknown,99,vitalita_alta
628528,1,1,1,213,164,100,100,1,15,34,100,100,66,8,9,19,11,0,0,100,100,100,100,75,100,100,31,1,1789124655.790000,G1,T01,Movimento,1,unknown,100,vitalita_alta
628728,1,1,1,189,166,100,100,1,16,40,100,100,77,31,11,24,26,0,0,100,100,100,100,77,100,100,31,1,1789124655.990000,G1,T01,Movimento,1,unknown,100,vitalita_alta
628928,1,0,1,0,533,0,100,1,15,26,100,100,35,9,9,16,13,0,0,100,100,100,100,79,100,100,31,1,1789124656.190000,G1,T01,Movimento,1,unknown,97,vitalita_alta
629128,1,1,1,205,183,48,100,1,14,15,39,48,20,5,11,7,2,0,0,100,100,100,100,79,100,100,31,1,1789124656.390000,G1,T01,Movimento,1,unknown,94,vitalita_moderata
629328,1,1,1,197,181,100,100,1,14,39,100,100,66,11,2,6,3,0,0,100,100,100,100,80,100,100,31,1,1789124656.590000,G1,T01,Movimento,1,unknown,95,vitalita_alta
629528,1,1,1,213,182,70,100,1,15,13,50,70,31,12,14,19,12,0,0,100,100,100,100,81,100,100,31,1,1789124656.790000,G1,T01,Movimento,1,unknown,94,vitalita_moderata
629728,1,1,1,176,172,100,100,1,21,50,100,100,46,14,8,29,35,0,0,100,100,100,100,79,100,100,31,1,1789124656.990000,G1,T01,Movimento,1,unknown,95,vitalita_moderata
629928,1,1,1,203,188,100,100,1,14,24,100,100,61,15,11,5,3,0,0,100,100,100,100,80,100,100,31,1,1789124657.190000,G1,T01,Movimento,1,unknown,95,vitalita_alta
630128,1,1,1,193,175,100,100,1,16,26,100,100,43,15,7,8,12,0,0,100,100,100,100,78,100,100,31,1,1789124657.390000,G1,T01,Movimento,1,unknown,96,vitalita_alta
630328,1,1,1,181,166,100,100,1,13,31,100,100,30,11,11,6,9,0,0,100,100,100,100,77,100,100,31,1,1789124657.590000,G1,T01,Movimento,1,unknown,97,vitalita_alta
630528,1,1,1,172,181,100,100,1,18,48,100,100,24,28,25,29,19,0,0,100,100,100,100,80,100,100,31,1,1789124657.790000,G1,T01,Movimento,1,unknown,97,vitalita_alta
630728,1,1,1,206,200,100,100,1,19,24,96,100,52,16,4,30,29,0,0,100,100,100,100,82,100,100,31,1,1789124657.990000,G1,T01,Movimento,1,unknown,98,vitalita_alta
630928,1,1,1,199,183,100,100,1,13,20,98,100,36,6,7,4,2,0,0,100,100,100,100,79,100,100,31,1,1789124658.190000,G1,T01,Movimento,1,unknown,98,vitalita_alta
631128,1,1,1,179,168,100,100,1,16,40,100,100,38,22,15,9,6,0,0,100,100,100,100,79,100,100,31,1,1789124658.390000,G1,T01,Movimento,1,unknown,99,vitalita_alta
631328,1,1,1,161,173,44,100,1,16,17,44,29,22,2,5,18,9,0,0,100,100,100,100,80,100,100,31,1,1789124658.590000,G1,T01,Movimento,1,unknown,97,vitalita_alta
631528,1,1,1,171,161,100,100,1,19,28,100,100,20,18,9,30,27,0,0,100,100,100,100,79,100,100,31,1,1789124658.790000,G1,T01,Movimento,1,unknown,97,vitalita_alta
631728,1,1,1,185,175,79,100,1,13,20,79,78,52,9,12,18,13,0,0,100,100,100,100,82,100,100,31,1,1789124658.990000,G1,T01,Movimento,1,unknown,97,vitalita_alta
631928,1,0,1,0,176,0,100,1,13,14,35,18,5,14,11,10,10,0,0,100,100,100,100,81,100,100,31,1,1789124659.190000,G1,T01,Movimento,1,unknown,94,vitalita_moderata
632128,1,1,1,183,165,100,100,1,13,22,100,100,39,11,11,12,5,0,0,100,100,100,100,80,100,100,31,1,1789124659.390000,G1,T01,Movimento,1,unknown,95,vitalita_alta
632328,1,1,1,166,174,100,100,1,16,30,100,84,26,20,11,16,15,0,0,100,100,100,100,78,100,100,31,1,1789124659.590000,G1,T01,Movimento,1,unknown,96,vitalita_alta
632528,1,1,1,192,268,100,100,1,15,30,100,100,52,10,5,14,15,0,0,100,100,100,100,77,100,100,31,1,1789124659.790000,G1,T01,Movimento,1,unknown,97,vitalita_alta
632728,1,1,1,199,188,43,100,1,14,12,36,43,4,11,3,8,7,0,0,100,100,100,100,76,100,100,31,1,1789124659.990000,G1,T01,Movimento,1,unknown,94,vitalita_moderata
632928,1,1,1,199,165,100,100,1,14,15,100,100,36,16,9,11,3,0,0,100,100,100,100,76,100,100,31,1,1789124660.190000,G1,T01,Movimento,1,unknown,95,vitalita_alta
633128,1,1,1,190,216,100,100,1,18,43,100,100,44,11,3,19,11,0,0,100,100,100,100,76,100,100,31,1,1789124660.390000,G1,T01,Movimento,1,unknown,96,vitalita_alta
633328,1,1,1,201,201,100,100,1,13,19,92,100,55,12,12,22,23,0,0,100,100,100,100,76,100,100,30,1,1789124660.590000,G1,T01,Movimento,1,unknown,96,vitalita_alta
633528,1,1,1,180,205,100,100,1,14,14,100,100,14,10,3,7,4,0,0,100,100,100,100,74,100,100,30,1,1789124660.790000,G1,T01,Movimento,1,unknown,97,vitalita_alta
633728,1,1,1,206,157,47,100,1,16,14,39,47,22,3,10,4,7,0,0,100,100,100,100,75,100,100,30,1,1789124660.990000,G1,T01,Movimento,1,unknown,95,vitalita_moderata
633928,1,1,1,171,232,76,100,1,16,20,76,61,23,15,4,12,10,0,0,100,100,100,100,73,100,100,30,1,1789124661.190000,G1,T01,Movimento,1,unknown,94,vitalita_moderata
634128,1,1,1,165,171,61,100,1,15,17,61,43,25,22,19,20,19,0,0,100,100,100,100,73,100,100,30,1,1789124661.390000,G1,T01,Movimento,1,unknown,92,vitalita_moderata
634328,1,1,1,164,168,100,100,1,18,32,100,82,60,25,16,15,13,0,0,100,100,100,100,72,100,100,30,1,1789124661.590000,G1,T01,Movimento,1,unknown,93,vitalita_moderata
634528,1,1,1,191,192,100,100,1,20,34,100,100,71,28,18,2,1,0,0,100,100,100,100,75,100,100,30,1,1789124661.790000,G1,T01,Movimento,1,unknown,94,vitalita_moderata
634728,1,1,1,178,172,100,100,1,16,34,100,100,30,12,6,11,3,0,0,100,100,100,100,73,100,100,30,1,1789124661.990000,G1,T01,Movimento,1,unknown,95,vitalita_moderata
634928,1,1,1,178,181,100,100,1,18,20,100,100,27,11,23,15,13,0,0,100,100,100,100,75,100,100,30,1,1789124662.190000,G1,T01,Movimento,1,unknown,96,vitalita_alta
635128,1,0,1,0,266,0,100,1,19,31,91,91,47,19,3,20,25,0,0,100,100,100,100,74,100,100,30,1,1789124662.390000,G1,T01,Movimento,1,unknown,96,vitalita_alta
635328,1,1,1,192,176,100,100,1,23,25,100,100,45,19,6,7,6,0,0,100,100,100,100,75,100,100,30,1,1789124662.590000,G1,T01,Movimento,1,unknown,97,vitalita_alta
635528,1,1,1,196,171,54,100,1,16,25,53,54,46,11,2,6,8,0,0,100,100,100,100,75,100,100,30,1,1789124662.790000,G1,T01,Movimento,1,unknown,95,vitalita_alta
635728,1,1,1,179,199,100,100,1,14,18,100,100,44,11,8,3,5,0,0,100,100,100,100,73,100,100,30,1,1789124662.990000,G1,T01,Movimento,1,unknown,96,vitalita_alta
635928,1,1,1,210,216,75,100,1,16,23,55,75,31,12,5,15,17,0,0,100,100,100,100,69,100,100,30,1,1789124663.190000,G1,T01,Movimento,1,unknown,94,vitalita_moderata
636128,1,1,1,225,189,32,100,1,17,20,35,32,26,18,7,14,17,0,0,100,100,100,100,71,100,100,30,1,1789124663.390000,G1,T01,Movimento,1,unknown,92,vitalita_moderata
636328,1,1,1,162,189,63,100,1,20,17,63,41,22,14,9,8,7,0,0,100,100,100,100,74,100,100,30,1,1789124663.590000,G1,T01,Movimento,1,unknown,91,vitalita_moderata
636528,1,1,1,189,189,100,100,1,17,21,100,100,41,13,10,11,3,0,0,100,100,100,100,78,100,100,30,1,1789124663.790000,G1,T01,Movimento,1,unknown,92,vitalita_moderata
