timestamp_ms,radar_presence,moving_target,stationary_target,moving_distance_cm,stationary_distance_cm,moving_energy,stationary_energy,pir_presence,menergy_gate0,menergy_gate1,menergy_gate2,menergy_gate3,menergy_gate4,menergy_gate5,menergy_gate6,menergy_gate7,menergy_gate8,senergy_gate0,senergy_gate1,senergy_gate2,senergy_gate3,senergy_gate4,senergy_gate5,senergy_gate6,senergy_gate7,senergy_gate8,light_level,out_level,pc_time_s,group_id,trial_id,scenario,ground_truth_presence,ground_truth_state
1702,1,1,1,96,140,55,100,1,15,55,45,26,20,12,9,12,10,0,0,100,100,100,83,53,47,36,4,1,1788990705.2741945,G1,T01,ost36_cartongesso_1m,1,moving
1902,1,1,1,108,128,100,100,1,46,100,100,54,32,15,9,8,6,0,0,100,100,100,84,53,47,37,4,1,1788990705.2978196,G1,T01,ost36_cartongesso_1m,1,moving
2102,1,1,1,117,102,100,100,1,16,100,100,40,31,13,2,6,9,0,0,100,100,100,80,53,50,40,4,1,1788990705.4993272,G1,T01,ost36_cartongesso_1m,1,moving
2302,1,1,1,123,151,100,100,0,16,100,100,82,9,13,2,23,17,0,0,100,100,100,79,56,56,41,4,1,1788990705.6986947,G1,T01,ost36_cartongesso_1m,1,moving
2502,1,1,1,113,115,100,100,0,17,100,100,32,17,3,11,23,26,0,0,100,100,100,76,57,62,46,4,1,1788990705.899327,G1,T01,ost36_cartongesso_1m,1,moving
2702,1,1,1,89,121,70,100,0,16,70,46,20,19,5,3,3,7,0,0,100,100,100,78,59,63,47,4,1,1788990706.099565,G1,T01,ost36_cartongesso_1m,1,moving
2902,1,1,1,108,123,100,100,0,39,100,100,27,15,9,5,5,9,0,0,100,100,100,80,58,64,48,4,1,1788990706.3023484,G1,T01,ost36_cartongesso_1m,1,moving
3102,1,1,1,138,119,100,100,0,22,100,100,79,27,15,11,10,12,0,0,100,100,100,81,59,65,50,4,1,1788990706.5008585,G1,T01,ost36_cartongesso_1m,1,moving
3302,1,1,1,118,104,81,100,0,16,78,81,41,12,11,3,16,9,0,0,100,100,100,79,58,66,51,3,1,1788990706.7042058,G1,T01,ost36_cartongesso_1m,1,moving
3502,1,1,1,99,116,100,100,0,13,100,100,10,10,6,6,7,3,0,0,100,100,100,77,58,67,52,3,1,1788990706.901911,G1,T01,ost36_cartongesso_1m,1,moving
3702,1,1,1,107,110,100,100,0,59,100,100,50,20,16,7,7,7,0,0,100,100,100,81,59,66,52,4,1,1788990707.1049902,G1,T01,ost36_cartongesso_1m,1,moving
3902,1,1,1,103,118,100,100,0,36,100,100,25,20,19,11,10,5,0,0,100,100,100,84,59,68,53,4,1,1788990707.3028195,G1,T01,ost36_cartongesso_1m,1,moving
4102,1,1,1,100,116,100,100,0,18,100,100,64,17,12,9,4,5,0,0,100,100,100,83,58,67,54,4,1,1788990707.5051749,G1,T01,ost36_cartongesso_1m,1,moving
4302,1,1,1,104,77,100,100,0,36,100,100,39,16,7,8,22,9,0,0,100,100,100,82,57,69,55,4,1,1788990707.7042806,G1,T01,ost36_cartongesso_1m,1,moving
4502,1,1,1,103,103,100,100,0,42,100,100,38,12,5,9,9,14,0,0,100,100,100,82,57,77,60,4,1,1788990707.904163,G1,T01,ost36_cartongesso_1m,1,moving
4702,1,1,1,117,120,100,100,0,45,100,100,44,26,7,10,13,11,0,0,100,100,100,83,57,84,65,4,1,1788990708.105528,G1,T01,ost36_cartongesso_1m,1,moving
4902,1,1,1,88,108,100,100,0,28,100,66,13,8,10,5,9,7,0,0,100,100,100,82,58,88,68,4,1,1788990708.292877,G1,T01,ost36_cartongesso_1m,1,moving
5102,1,1,1,123,85,100,100,0,19,100,100,34,9,5,9,14,15,0,0,100,100,100,80,58,91,72,4,1,1788990708.5006523,G1,T01,ost36_cartongesso_1m,1,moving
5302,1,1,1,100,93,100,100,0,17,100,100,24,13,7,9,20,9,0,0,100,100,100,82,57,90,71,4,1,1788990708.691972,G1,T01,ost36_cartongesso_1m,1,moving
5502,1,1,1,96,104,100,100,0,38,100,100,11,14,18,9,17,4,0,0,100,100,100,76,55,94,72,4,1,1788990708.904256,G1,T01,ost36_cartongesso_1m,1,moving
5702,1,1,1,90,116,81,100,0,13,81,54,21,5,17,4,2,4,0,0,100,100,100,79,57,97,74,4,1,1788990709.0965123,G1,T01,ost36_cartongesso_1m,1,moving
5902,1,1,1,108,115,100,100,0,15,100,100,35,4,3,9,9,3,0,0,100,100,100,79,61,100,74,4,1,1788990709.3053741,G1,T01,ost36_cartongesso_1m,1,moving
6102,1,1,1,94,78,100,100,0,25,100,100,12,23,14,9,5,2,0,0,100,100,100,78,61,100,72,4,1,1788990709.4973245,G1,T01,ost36_cartongesso_1m,1,moving
6302,1,1,1,134,105,100,100,0,15,100,100,63,20,5,7,12,11,0,0,100,100,100,78,60,98,70,4,1,1788990709.7054558,G1,T01,ost36_cartongesso_1m,1,moving
6502,1,1,1,124,98,100,100,0,14,100,100,40,6,7,6,8,13,0,0,100,100,100,75,58,97,69,4,1,1788990709.8989792,G1,T01,ost36_cartongesso_1m,1,moving
6702,1,1,1,126,128,100,100,0,35,100,100,82,26,9,13,9,13,0,0,100,100,100,72,59,100,74,4,1,1788990710.0910525,G1,T01,ost36_cartongesso_1m,1,moving
6902,1,1,1,105,106,100,100,0,38,100,100,30,4,6,4,6,3,0,0,100,100,100,70,62,100,80,4,1,1788990710.3011672,G1,T01,ost36_cartongesso_1m,1,moving
7102,1,1,1,96,104,100,100,0,48,100,100,18,15,3,7,13,15,0,0,100,100,100,68,61,100,81,4,1,1788990710.4927406,G1,T01,ost36_cartongesso_1m,1,moving
7302,1,1,1,106,90,100,100,0,58,100,100,37,23,11,7,14,12,0,0,100,100,100,70,61,100,84,4,1,1788990710.7003052,G1,T01,ost36_cartongesso_1m,1,moving
7502,1,1,1,129,86,95,100,0,13,78,95,32,12,6,14,14,11,0,0,100,100,100,68,61,100,87,4,1,1788990710.8949406,G1,T01,ost36_cartongesso_1m,1,moving
7702,1,1,1,128,117,100,100,0,13,100,100,73,5,19,9,3,6,0,0,100,100,100,64,62,100,91,4,1,1788990711.1027691,G1,T01,ost36_cartongesso_1m,1,moving
7902,1,1,1,97,123,96,100,0,17,96,77,21,24,10,4,2,8,0,0,100,100,100,65,64,100,92,4,1,1788990711.3049467,G1,T01,ost36_cartongesso_1m,1,moving
8102,1,1,1,100,114,100,100,0,22,100,100,23,21,15,4,4,4,0,0,100,100,100,66,66,100,93,4,1,1788990711.504845,G1,T01,ost36_cartongesso_1m,1,moving
8302,1,1,1,128,103,100,100,0,14,83,100,21,17,8,13,17,9,0,0,100,100,100,65,66,100,94,4,1,1788990711.696239,G1,T01,ost36_cartongesso_1m,1,moving
8502,1,1,1,117,103,100,100,0,18,100,100,27,23,4,8,32,22,0,0,100,100,100,64,66,100,90,4,1,1788990711.8914056,G1,T01,ost36_cartongesso_1m,1,moving
8702,1,1,1,114,128,100,100,0,23,100,100,37,8,14,4,16,17,0,0,100,100,100,64,66,100,92,4,1,1788990712.1036441,G1,T01,ost36_cartongesso_1m,1,moving
8902,1,1,1,95,113,100,100,0,13,100,98,15,18,10,9,14,7,0,0,100,100,100,65,69,100,100,4,1,1788990712.3031604,G1,T01,ost36_cartongesso_1m,1,moving
9102,1,1,1,102,113,100,100,0,22,100,100,43,15,12,6,13,8,0,0,100,100,100,66,69,100,100,4,1,1788990712.5009687,G1,T01,ost36_cartongesso_1m,1,moving
9302,1,1,1,133,125,100,100,0,34,85,100,43,17,15,12,21,17,0,0,100,100,100,68,70,100,100,4,1,1788990712.6931763,G1,T01,ost36_cartongesso_1m,1,moving
9502,1,1,1,111,136,74,100,0,19,74,73,13,31,15,7,23,15,0,0,100,100,100,68,68,100,100,4,1,1788990712.902681,G1,T01,ost36_cartongesso_1m,1,moving
9702,1,1,1,117,117,100,100,0,18,100,100,54,12,4,8,9,8,0,0,100,100,100,65,71,100,100,4,1,1788990713.0928047,G1,T01,ost36_cartongesso_1m,1,moving
9902,1,1,1,114,118,56,100,0,14,55,56,18,13,7,6,7,3,0,0,100,100,100,66,70,100,100,4,1,1788990713.3012812,G1,T01,ost36_cartongesso_1m,1,moving
10102,1,1,1,118,97,100,100,0,35,100,100,32,10,9,9,8,5,0,0,100,100,100,65,71,100,100,4,1,1788990713.4961953,G1,T01,ost36_cartongesso_1m,1,moving
10302,1,1,1,100,133,100,100,0,24,100,100,27,18,9,7,11,6,0,0,100,100,100,65,69,100,100,4,1,1788990713.7043178,G1,T01,ost36_cartongesso_1m,1,moving
10502,1,1,1,106,113,100,100,0,30,100,100,38,18,16,3,13,7,0,0,100,100,100,68,70,100,100,4,1,1788990713.8983479,G1,T01,ost36_cartongesso_1m,1,moving
10702,1,1,1,120,121,100,100,0,16,100,100,32,6,5,17,29,26,0,0,100,100,100,66,68,100,100,4,1,1788990714.0905495,G1,T01,ost36_cartongesso_1m,1,moving
10902,1,1,1,113,118,100,100,0,19,100,100,63,13,16,8,12,10,0,0,100,100,100,68,65,100,100,4,1,1788990714.2983057,G1,T01,ost36_cartongesso_1m,1,moving
11102,1,1,1,117,110,100,100,0,24,100,100,100,16,4,12,12,10,0,0,100,100,100,69,68,100,100,4,1,1788990714.491999,G1,T01,ost36_cartongesso_1m,1,moving
11302,1,1,1,102,108,100,100,0,53,100,100,48,20,7,7,12,11,0,0,100,100,100,70,70,100,100,4,1,1788990714.699323,G1,T01,ost36_cartongesso_1m,1,moving
11502,1,1,1,125,106,62,100,0,24,53,62,18,28,13,10,11,13,0,0,100,100,100,72,68,100,100,4,1,1788990714.9058862,G1,T01,ost36_cartongesso_1m,1,moving
11702,1,1,1,108,104,100,100,0,15,100,100,38,34,13,12,21,13,0,0,100,100,100,70,64,100,100,4,1,1788990715.102274,G1,T01,ost36_cartongesso_1m,1,moving
11902,1,1,1,117,90,100,100,0,23,100,100,41,26,15,6,5,6,0,0,100,100,100,66,63,100,100,4,1,1788990715.294544,G1,T01,ost36_cartongesso_1m,1,moving
12102,1,1,1,109,110,100,100,0,21,100,100,44,14,9,6,4,4,0,0,100,100,100,69,63,100,100,4,1,1788990715.5043998,G1,T01,ost36_cartongesso_1m,1,moving
12302,1,1,1,130,104,83,100,0,13,64,83,18,16,9,4,8,4,0,0,100,100,100,72,66,100,100,4,1,1788990715.696413,G1,T01,ost36_cartongesso_1m,1,moving
12502,1,1,1,90,98,100,100,0,36,100,100,26,16,21,10,9,4,0,0,100,100,100,76,64,100,100,4,1,1788990715.9048193,G1,T01,ost36_cartongesso_1m,1,moving
12702,1,1,1,174,114,67,100,0,27,15,67,57,22,4,11,19,12,0,0,100,100,100,74,65,100,100,4,1,1788990716.0980692,G1,T01,ost36_cartongesso_1m,1,moving
12902,1,1,1,123,123,100,100,0,21,100,100,41,12,12,8,13,13,0,0,100,100,100,73,61,100,100,4,1,1788990716.2907612,G1,T01,ost36_cartongesso_1m,1,moving
13102,1,1,1,94,93,100,100,0,19,100,100,28,25,10,5,11,13,0,0,100,100,100,72,60,100,100,4,1,1788990716.499734,G1,T01,ost36_cartongesso_1m,1,moving
13302,1,1,1,107,108,100,100,0,40,100,100,32,6,6,10,2,2,0,0,100,100,100,69,61,100,100,4,1,1788990716.6916714,G1,T01,ost36_cartongesso_1m,1,moving
13502,1,1,1,90,87,100,100,0,45,100,100,24,17,8,8,11,12,0,0,100,100,100,68,63,100,100,4,1,1788990716.8998382,G1,T01,ost36_cartongesso_1m,1,moving
13702,1,1,1,96,130,100,100,0,14,100,100,33,9,8,13,16,14,0,0,100,100,100,69,57,100,100,4,1,1788990717.093849,G1,T01,ost36_cartongesso_1m,1,moving
13902,1,1,1,90,137,100,100,0,40,100,100,18,11,9,5,11,9,0,0,100,100,100,67,56,100,100,4,1,1788990717.302265,G1,T01,ost36_cartongesso_1m,1,moving
14102,1,1,1,114,116,100,100,0,21,100,100,33,17,6,1,11,9,0,0,100,100,100,68,58,100,100,4,1,1788990717.5052233,G1,T01,ost36_cartongesso_1m,1,moving
14302,1,1,1,104,99,100,100,0,31,100,96,39,8,4,8,1,5,0,0,100,100,100,72,59,100,100,4,1,1788990717.7035422,G1,T01,ost36_cartongesso_1m,1,moving
14502,1,1,1,92,121,100,100,0,33,100,83,28,38,15,10,9,2,0,0,100,100,100,72,59,100,100,4,1,1788990717.8958642,G1,T01,ost36_cartongesso_1m,1,moving
14702,1,1,1,109,105,100,100,0,25,100,100,26,19,14,10,12,2,0,0,100,100,100,75,58,100,100,4,1,1788990718.1052554,G1,T01,ost36_cartongesso_1m,1,moving
14902,1,1,1,100,97,100,100,0,44,100,100,29,19,13,8,19,15,0,0,100,100,100,73,59,100,100,4,1,1788990718.2974055,G1,T01,ost36_cartongesso_1m,1,moving
15102,1,1,1,104,83,100,100,0,28,100,100,29,17,2,3,10,9,0,0,100,100,100,73,57,100,98,4,1,1788990718.505067,G1,T01,ost36_cartongesso_1m,1,moving
15302,1,1,1,100,97,100,100,0,17,100,100,29,15,10,10,7,12,0,0,100,100,100,72,58,100,97,4,1,1788990718.698721,G1,T01,ost36_cartongesso_1m,1,moving
15502,1,1,1,104,141,100,100,0,20,100,100,56,15,9,3,10,8,0,0,100,100,100,70,59,100,98,4,1,1788990718.8908987,G1,T01,ost36_cartongesso_1m,1,moving
15702,1,1,1,113,117,100,100,0,24,100,100,48,15,4,3,13,13,0,0,100,100,100,68,59,100,98,4,1,1788990719.1008632,G1,T01,ost36_cartongesso_1m,1,moving
15902,1,1,1,104,96,100,100,0,31,100,100,48,17,15,9,20,12,0,0,100,100,100,68,57,100,97,4,1,1788990719.2915993,G1,T01,ost36_cartongesso_1m,1,moving
16102,1,1,1,100,93,100,100,0,13,100,100,18,17,1,11,8,1,0,0,100,100,100,64,58,100,97,4,1,1788990719.4983888,G1,T01,ost36_cartongesso_1m,1,moving
16302,1,1,1,110,114,100,100,0,15,100,100,29,11,15,8,3,5,0,0,100,100,100,63,58,100,97,4,1,1788990719.694804,G1,T01,ost36_cartongesso_1m,1,moving
16502,1,1,1,97,100,98,100,0,18,98,78,27,5,11,6,4,6,0,0,100,100,100,63,59,100,95,4,1,1788990719.9009345,G1,T01,ost36_cartongesso_1m,1,moving
16702,1,1,1,97,96,100,100,0,13,100,83,32,24,14,7,1,3,0,0,100,100,100,64,58,100,97,4,1,1788990720.0970037,G1,T01,ost36_cartongesso_1m,1,moving
16902,1,1,1,154,124,60,100,0,21,37,60,42,19,4,12,22,15,0,0,100,100,100,63,57,100,93,3,1,1788990720.3047392,G1,T01,ost36_cartongesso_1m,1,moving
17102,1,0,1,0,92,0,100,0,14,52,49,57,21,9,10,13,15,0,0,100,100,100,65,59,100,94,3,1,1788990720.4969463,G1,T01,ost36_cartongesso_1m,1,moving
17302,1,1,1,130,115,100,100,0,28,100,100,68,18,7,12,16,11,0,0,100,100,100,66,60,100,95,3,1,1788990720.6905177,G1,T01,ost36_cartongesso_1m,1,moving
17502,1,1,1,101,106,100,100,0,14,100,100,12,15,12,9,16,9,0,0,100,100,100,65,61,100,96,3,1,1788990720.8975124,G1,T01,ost36_cartongesso_1m,1,moving
17702,1,1,1,116,121,100,100,0,33,100,100,47,7,4,10,7,17,0,0,100,100,100,65,61,100,97,4,1,1788990721.1015065,G1,T01,ost36_cartongesso_1m,1,moving
17902,1,1,1,114,135,100,100,0,21,100,100,64,7,7,9,25,15,0,0,100,100,100,65,59,100,95,4,1,1788990721.2934754,G1,T01,ost36_cartongesso_1m,1,moving
18102,1,1,1,97,120,100,100,0,41,100,100,37,10,8,9,13,7,0,0,100,100,100,65,60,100,95,4,1,1788990721.5019403,G1,T01,ost36_cartongesso_1m,1,moving
18302,1,1,1,126,155,100,100,0,14,89,100,30,31,11,5,5,9,0,0,100,100,100,63,61,100,95,4,1,1788990721.6953766,G1,T01,ost36_cartongesso_1m,1,moving
18502,1,1,1,102,103,100,100,0,27,100,100,34,21,2,9,3,7,0,0,100,100,100,64,62,100,95,4,1,1788990721.9031606,G1,T01,ost36_cartongesso_1m,1,moving
18702,1,1,1,104,106,100,100,0,28,100,100,16,25,10,10,6,2,0,0,100,100,100,65,63,100,94,4,1,1788990722.0977857,G1,T01,ost36_cartongesso_1m,1,moving
18902,1,1,1,128,105,100,100,0,13,100,100,48,7,11,6,19,8,0,0,100,100,100,66,62,100,94,4,1,1788990722.304456,G1,T01,ost36_cartongesso_1m,1,moving
19102,1,0,1,0,96,0,100,0,21,47,44,52,22,5,8,24,18,0,0,100,100,100,64,62,100,93,4,1,1788990722.4967647,G1,T01,ost36_cartongesso_1m,1,moving
19302,1,1,1,103,106,100,100,0,75,100,100,59,9,10,2,7,9,0,0,100,100,100,66,61,100,92,4,1,1788990722.69292,G1,T01,ost36_cartongesso_1m,1,moving
19502,1,1,1,84,108,100,100,0,26,100,77,19,10,8,4,2,10,0,0,100,100,100,71,62,100,90,4,1,1788990722.8986654,G1,T01,ost36_cartongesso_1m,1,moving
19702,1,1,1,125,105,100,100,0,15,100,100,78,22,6,9,14,9,0,0,100,100,100,73,63,100,89,4,1,1788990723.0903962,G1,T01,ost36_cartongesso_1m,1,moving
19902,1,1,1,88,104,100,100,0,33,100,86,25,15,14,2,21,11,0,0,100,100,100,72,62,100,88,4,1,1788990723.2997422,G1,T01,ost36_cartongesso_1m,1,moving
20102,1,1,1,120,110,100,100,0,31,100,100,53,6,5,11,17,7,0,0,100,100,100,71,60,100,87,4,1,1788990723.4906385,G1,T01,ost36_cartongesso_1m,1,moving
20302,1,1,1,131,110,100,100,0,16,100,100,79,33,10,7,1,3,0,0,100,100,100,70,57,100,87,3,1,1788990723.702338,G1,T01,ost36_cartongesso_1m,1,moving
20502,1,1,1,124,97,100,100,0,30,100,100,30,7,6,8,7,10,0,0,100,100,100,70,56,100,85,4,1,1788990723.8932772,G1,T01,ost36_cartongesso_1m,1,moving
20702,1,1,1,110,108,100,100,0,34,100,100,28,9,6,9,10,3,0,0,100,100,100,72,56,100,83,4,1,1788990724.1019325,G1,T01,ost36_cartongesso_1m,1,moving
20902,1,1,1,119,97,63,100,0,24,59,63,19,16,15,2,5,5,0,0,100,100,100,74,55,100,85,4,1,1788990724.3017397,G1,T01,ost36_cartongesso_1m,1,moving
21102,1,1,1,143,93,100,100,0,13,100,100,92,29,6,10,17,14,0,0,100,100,100,73,55,100,81,4,1,1788990724.5020247,G1,T01,ost36_cartongesso_1m,1,moving
21302,1,1,1,111,104,100,100,0,47,100,100,37,5,2,10,14,15,0,0,100,100,100,74,55,100,81,4,1,1788990724.7017076,G1,T01,ost36_cartongesso_1m,1,moving
21502,1,1,1,127,111,100,100,0,27,100,100,57,6,4,9,13,11,0,0,100,100,100,74,55,100,82,4,1,1788990724.9053395,G1,T01,ost36_cartongesso_1m,1,moving
21702,1,1,1,152,102,53,100,0,21,29,53,33,13,3,1,6,8,0,0,100,100,100,72,55,100,82,4,1,1788990725.1019125,G1,T01,ost36_cartongesso_1m,1,moving
21902,1,1,1,107,90,100,100,0,29,100,100,41,17,6,3,9,15,0,0,100,100,100,70,57,100,83,4,1,1788990725.3020918,G1,T01,ost36_cartongesso_1m,1,moving
22102,1,1,1,118,113,100,100,0,24,100,100,33,10,3,10,14,8,0,0,100,100,100,69,55,100,80,4,1,1788990725.5018857,G1,T01,ost36_cartongesso_1m,1,moving
22302,1,1,1,122,99,100,100,0,19,100,100,12,19,6,6,7,9,0,0,100,100,100,64,54,100,81,4,1,1788990725.7016153,G1,T01,ost36_cartongesso_1m,1,moving
22502,1,1,1,121,82,100,100,0,22,100,100,34,23,13,5,7,7,0,0,100,100,100,65,52,100,80,4,1,1788990725.902117,G1,T01,ost36_cartongesso_1m,1,moving
22702,1,1,1,109,125,100,100,0,31,100,100,52,27,9,9,8,3,0,0,100,100,100,66,53,100,81,4,1,1788990726.1018467,G1,T01,ost36_cartongesso_1m,1,moving
22902,1,1,1,134,104,100,100,0,18,100,100,56,9,10,9,8,4,0,0,100,100,100,67,52,100,82,4,1,1788990726.3039455,G1,T01,ost36_cartongesso_1m,1,moving
23102,1,1,1,86,94,100,100,0,54,100,100,21,9,5,9,18,12,0,0,100,100,100,68,52,100,80,4,1,1788990726.5019712,G1,T01,ost36_cartongesso_1m,1,moving
23302,1,1,1,128,125,82,100,0,19,68,82,25,14,5,3,5,16,0,0,100,100,100,65,53,100,80,4,1,1788990726.7052832,G1,T01,ost36_cartongesso_1m,1,moving
23502,1,1,1,99,85,100,100,0,20,100,100,18,9,9,9,18,10,0,0,100,100,100,62,53,100,85,4,1,1788990726.90187,G1,T01,ost36_cartongesso_1m,1,moving
23702,1,1,1,107,93,100,100,0,39,100,100,58,6,6,2,11,2,0,0,100,100,100,60,53,100,88,4,1,1788990727.1019456,G1,T01,ost36_cartongesso_1m,1,moving
23902,1,1,1,113,101,100,100,0,34,100,100,65,30,15,2,7,13,0,0,100,100,100,63,53,100,90,4,1,1788990727.3019567,G1,T01,ost36_cartongesso_1m,1,moving
24102,1,1,1,100,96,100,100,0,24,100,100,17,31,16,3,22,11,0,0,100,100,100,64,52,100,90,4,1,1788990727.5059724,G1,T01,ost36_cartongesso_1m,1,moving
24302,1,1,1,127,105,100,100,0,13,100,100,24,15,8,7,12,8,0,0,100,100,100,63,53,100,91,4,1,1788990727.702077,G1,T01,ost36_cartongesso_1m,1,moving
24502,1,1,1,123,115,100,100,0,53,100,100,75,5,3,2,6,10,0,0,100,100,100,63,54,100,95,4,1,1788990727.904025,G1,T01,ost36_cartongesso_1m,1,moving
24702,1,1,1,104,118,100,100,0,13,100,100,20,16,5,7,4,7,0,0,100,100,100,62,57,100,97,4,1,1788990728.0954733,G1,T01,ost36_cartongesso_1m,1,moving
24902,1,1,1,137,117,100,100,0,33,100,100,81,5,16,9,11,8,0,0,100,100,100,62,57,100,97,4,1,1788990728.3047895,G1,T01,ost36_cartongesso_1m,1,moving
25102,1,1,1,158,135,89,100,0,27,17,89,46,7,5,9,17,11,0,0,100,100,100,61,57,100,97,4,1,1788990728.4963593,G1,T01,ost36_cartongesso_1m,1,moving
25302,1,1,1,131,124,99,100,0,25,80,99,42,10,3,4,20,13,0,0,100,100,100,60,56,100,95,4,1,1788990728.704523,G1,T01,ost36_cartongesso_1m,1,moving
25502,1,1,1,110,133,100,100,0,22,100,100,49,3,1,1,5,3,0,0,100,100,100,61,54,100,93,4,1,1788990728.89923,G1,T01,ost36_cartongesso_1m,1,moving
25702,1,1,1,108,108,100,100,0,53,100,100,55,7,3,6,9,8,0,0,100,100,100,62,54,100,92,4,1,1788990729.0912313,G1,T01,ost36_cartongesso_1m,1,moving
25902,1,1,1,94,124,100,100,0,39,100,100,17,26,14,7,7,6,0,0,100,100,100,63,53,100,92,4,1,1788990729.300492,G1,T01,ost36_cartongesso_1m,1,moving
26102,1,1,1,103,108,100,100,0,32,100,100,32,12,7,7,19,13,0,0,100,100,100,63,52,100,93,4,1,1788990729.4928517,G1,T01,ost36_cartongesso_1m,1,moving
26302,1,1,1,107,141,100,100,0,15,100,100,27,19,12,9,14,7,0,0,100,100,100,64,51,100,93,4,1,1788990729.7005746,G1,T01,ost36_cartongesso_1m,1,moving
26502,1,1,1,120,114,100,100,0,32,100,100,75,14,8,2,10,11,0,0,100,100,100,62,51,100,95,4,1,1788990729.894703,G1,T01,ost36_cartongesso_1m,1,moving
26702,1,1,1,108,106,100,100,0,20,100,100,31,17,8,9,8,8,0,0,100,100,100,63,51,100,94,4,1,1788990730.1032732,G1,T01,ost36_cartongesso_1m,1,moving
26902,1,1,1,119,93,100,100,0,25,100,100,35,27,20,9,3,1,0,0,100,100,100,63,53,100,94,4,1,1788990730.3060448,G1,T01,ost36_cartongesso_1m,1,moving
27102,1,1,1,117,81,100,100,0,37,100,100,24,20,9,11,19,10,0,0,100,100,100,64,52,100,95,4,1,1788990730.505445,G1,T01,ost36_cartongesso_1m,1,moving
27302,1,1,1,120,125,100,100,0,35,100,100,64,9,2,10,19,15,0,0,100,100,100,64,51,100,94,4,1,1788990730.6971238,G1,T01,ost36_cartongesso_1m,1,moving
27502,1,1,1,95,133,100,100,0,19,100,100,19,16,7,3,6,10,0,0,100,100,100,65,51,100,92,4,1,1788990730.8955019,G1,T01,ost36_cartongesso_1m,1,moving
27702,1,1,1,136,97,100,100,0,16,100,100,91,19,9,12,10,3,0,0,100,100,100,67,52,100,93,4,1,1788990731.0990813,G1,T01,ost36_cartongesso_1m,1,moving
27902,1,1,1,109,125,100,100,0,26,100,100,33,11,12,5,10,9,0,0,100,100,100,66,52,100,93,4,1,1788990731.298141,G1,T01,ost36_cartongesso_1m,1,moving
28102,1,1,1,105,90,100,100,0,47,100,100,50,13,3,1,14,14,0,0,100,100,100,63,53,100,94,4,1,1788990731.4994442,G1,T01,ost36_cartongesso_1m,1,moving
28302,1,1,1,128,123,100,100,0,23,100,100,73,15,14,15,13,4,0,0,100,100,100,64,54,100,94,4,1,1788990731.7005172,G1,T01,ost36_cartongesso_1m,1,moving
28502,1,1,1,118,113,100,100,0,13,100,100,51,11,10,6,9,5,0,0,100,100,100,65,55,100,93,4,1,1788990731.900965,G1,T01,ost36_cartongesso_1m,1,moving
28702,1,1,1,124,101,69,100,0,15,60,69,20,4,8,3,6,2,0,0,100,100,100,66,55,100,92,4,1,1788990732.1025681,G1,T01,ost36_cartongesso_1m,1,moving
28902,1,1,1,100,109,100,100,0,40,100,100,10,17,7,1,4,6,0,0,100,100,100,65,56,100,91,4,1,1788990732.3027904,G1,T01,ost36_cartongesso_1m,1,moving
29102,1,1,1,121,101,100,100,0,16,100,100,61,5,10,17,18,7,0,0,100,100,100,67,57,100,92,4,1,1788990732.5045674,G1,T01,ost36_cartongesso_1m,1,moving
29302,1,1,1,141,150,100,100,0,22,85,100,46,3,3,6,27,16,0,0,100,100,100,67,57,100,91,4,1,1788990732.705987,G1,T01,ost36_cartongesso_1m,1,moving
29502,1,1,1,86,88,98,100,0,30,98,61,43,9,14,10,5,11,0,0,100,100,100,67,58,100,92,4,1,1788990732.905731,G1,T01,ost36_cartongesso_1m,1,moving
29702,1,1,1,104,104,100,100,0,18,100,100,18,11,5,1,5,3,0,0,100,100,100,68,59,100,96,4,1,1788990733.1051636,G1,T01,ost36_cartongesso_1m,1,moving
29902,1,1,1,119,104,100,100,0,19,100,100,35,26,16,4,13,12,0,0,100,100,100,69,59,100,96,4,1,1788990733.3014147,G1,T01,ost36_cartongesso_1m,1,moving
30102,1,1,1,99,145,100,100,0,32,100,100,25,14,10,7,13,11,0,0,100,100,100,70,58,100,98,4,1,1788990733.5020564,G1,T01,ost36_cartongesso_1m,1,moving
30302,1,1,1,116,111,100,100,0,34,100,100,91,25,4,8,17,11,0,0,100,100,100,69,58,100,96,4,1,1788990733.7023304,G1,T01,ost36_cartongesso_1m,1,moving
30502,1,1,1,110,117,100,100,0,72,100,100,74,8,7,4,8,9,0,0,100,100,100,67,58,100,97,4,1,1788990733.9060965,G1,T01,ost36_cartongesso_1m,1,moving
30702,1,1,1,133,121,100,100,0,13,85,100,29,10,11,10,4,4,0,0,100,100,100,66,60,100,98,3,1,1788990734.1028085,G1,T01,ost36_cartongesso_1m,1,moving
30902,1,1,1,113,103,100,100,0,42,100,100,47,26,18,10,8,5,0,0,100,100,100,65,58,100,98,3,1,1788990734.3033168,G1,T01,ost36_cartongesso_1m,1,moving
31102,1,1,1,114,94,100,100,0,38,100,100,32,18,14,14,3,5,0,0,100,100,100,66,60,100,98,3,1,1788990734.5040839,G1,T01,ost36_cartongesso_1m,1,moving
31302,1,1,1,120,107,100,100,0,20,100,100,42,18,1,4,17,11,0,0,100,100,100,66,60,100,96,4,1,1788990734.7045019,G1,T01,ost36_cartongesso_1m,1,moving
31502,1,1,1,127,151,100,100,0,13,100,100,80,8,10,4,11,10,0,0,100,100,100,65,61,100,95,4,1,1788990734.90526,G1,T01,ost36_cartongesso_1m,1,moving
31702,1,1,1,113,108,100,100,0,16,100,100,23,12,2,11,15,12,0,0,100,100,100,63,61,100,91,4,1,1788990735.1060567,G1,T01,ost36_cartongesso_1m,1,moving
31902,1,1,1,121,94,100,100,0,23,100,100,52,16,9,8,8,7,0,0,100,100,100,62,61,100,91,4,1,1788990735.305565,G1,T01,ost36_cartongesso_1m,1,moving
32102,1,1,1,98,134,100,100,0,75,100,100,62,4,12,6,15,13,0,0,100,100,100,64,61,100,92,4,1,1788990735.4991238,G1,T01,ost36_cartongesso_1m,1,moving
32302,1,1,1,102,91,80,100,0,22,80,71,11,9,10,8,18,17,0,0,100,100,100,65,58,100,90,4,1,1788990735.6911876,G1,T01,ost36_cartongesso_1m,1,moving
32502,1,1,1,114,116,100,100,0,19,100,100,41,13,17,14,8,8,0,0,100,100,100,65,57,100,90,4,1,1788990735.899783,G1,T01,ost36_cartongesso_1m,1,moving
32702,1,1,1,95,145,100,100,0,40,100,100,45,24,11,3,9,6,0,0,100,100,100,62,54,100,90,4,1,1788990736.0923893,G1,T01,ost36_cartongesso_1m,1,moving
32902,1,1,1,131,104,100,100,0,16,91,100,40,6,5,4,6,5,0,0,100,100,100,63,54,100,89,4,1,1788990736.299975,G1,T01,ost36_cartongesso_1m,1,moving
33102,1,1,1,150,121,43,100,0,20,50,43,19,4,10,6,4,2,0,0,100,100,100,62,54,100,89,4,1,1788990736.494994,G1,T01,ost36_cartongesso_1m,1,moving
33302,1,1,1,138,101,100,100,0,15,100,100,65,7,9,9,20,8,0,0,100,100,100,63,52,100,88,3,1,1788990736.7027109,G1,T01,ost36_cartongesso_1m,1,moving
33502,1,1,1,97,100,100,100,0,49,100,100,28,35,8,9,23,18,0,0,100,100,100,62,51,100,87,3,1,1788990736.8947847,G1,T01,ost36_cartongesso_1m,1,moving
33702,1,1,1,97,78,100,100,0,26,100,100,32,11,9,4,6,8,0,0,100,100,100,60,51,100,86,3,1,1788990737.1051295,G1,T01,ost36_cartongesso_1m,1,moving
33902,1,1,1,91,83,100,100,0,32,100,90,49,20,7,4,3,3,0,0,100,100,100,58,51,100,90,3,1,1788990737.297714,G1,T01,ost36_cartongesso_1m,1,moving
34102,1,1,1,102,89,100,100,0,18,100,98,31,22,14,9,8,8,0,0,100,100,100,59,53,100,92,4,1,1788990737.5061462,G1,T01,ost36_cartongesso_1m,1,moving
34302,1,1,1,80,100,100,100,0,37,100,70,77,34,16,5,16,17,0,0,100,100,100,60,54,100,93,4,1,1788990737.700729,G1,T01,ost36_cartongesso_1m,1,moving
34502,1,1,1,104,121,100,100,0,46,100,100,41,9,11,4,12,2,0,0,100,100,100,63,53,100,92,4,1,1788990737.8928244,G1,T01,ost36_cartongesso_1m,1,moving
34702,1,1,1,133,102,66,100,0,13,62,66,54,25,9,7,8,4,0,0,100,100,100,59,52,100,92,4,1,1788990738.0993972,G1,T01,ost36_cartongesso_1m,1,moving
34902,1,1,1,103,101,100,100,0,39,100,100,44,14,8,2,8,5,0,0,100,100,100,58,51,100,91,4,1,1788990738.2921634,G1,T01,ost36_cartongesso_1m,1,moving
35102,1,1,1,124,109,100,100,0,14,100,100,39,14,6,2,11,9,0,0,100,100,100,56,50,100,91,4,1,1788990738.5002706,G1,T01,ost36_cartongesso_1m,1,moving
35302,1,1,1,116,96,100,100,0,15,100,100,29,40,5,10,7,4,0,0,100,100,100,56,50,100,94,4,1,1788990738.694575,G1,T01,ost36_cartongesso_1m,1,moving
35502,1,1,1,103,121,100,100,0,28,100,100,39,7,10,18,21,14,0,0,100,100,100,56,51,100,92,4,1,1788990738.902455,G1,T01,ost36_cartongesso_1m,1,moving
35702,1,1,1,131,111,100,100,0,24,100,100,70,5,7,7,8,7,0,0,100,100,100,56,50,100,93,4,1,1788990739.0971336,G1,T01,ost36_cartongesso_1m,1,moving
35902,1,1,1,97,118,100,100,0,23,100,100,31,18,4,8,3,8,0,0,100,100,100,56,50,100,90,3,1,1788990739.304854,G1,T01,ost36_cartongesso_1m,1,moving
36102,1,1,1,128,104,100,100,0,13,100,100,87,15,9,9,14,4,0,0,100,100,100,54,49,100,88,3,1,1788990739.4989634,G1,T01,ost36_cartongesso_1m,1,moving
36302,1,1,1,119,123,100,100,0,25,100,100,52,10,4,5,15,9,0,0,100,100,100,53,49,100,88,4,1,1788990739.7064948,G1,T01,ost36_cartongesso_1m,1,moving
36502,1,1,1,100,106,100,100,0,26,100,100,18,25,19,12,14,7,0,0,100,100,100,53,50,100,88,4,1,1788990739.897309,G1,T01,ost36_cartongesso_1m,1,moving
36702,1,1,1,111,100,100,100,0,14,100,100,22,15,9,6,9,3,0,0,100,100,100,52,51,100,89,4,1,1788990740.0921671,G1,T01,ost36_cartongesso_1m,1,moving
36902,1,1,1,93,103,100,100,0,38,100,100,18,15,11,2,7,8,0,0,100,100,100,54,52,100,88,4,1,1788990740.3001194,G1,T01,ost36_cartongesso_1m,1,moving
37102,1,1,1,105,109,100,100,0,20,100,100,28,31,23,5,9,9,0,0,100,100,100,56,51,100,87,4,1,1788990740.4924011,G1,T01,ost36_cartongesso_1m,1,moving
37302,1,1,1,108,114,100,100,0,16,100,100,38,13,8,7,7,2,0,0,100,100,100,55,51,100,88,4,1,1788990740.7021353,G1,T01,ost36_cartongesso_1m,1,moving
37502,1,1,1,110,128,100,100,0,18,100,100,29,11,3,5,20,14,0,0,100,100,100,56,51,100,86,4,1,1788990740.8940837,G1,T01,ost36_cartongesso_1m,1,moving
37702,1,1,1,121,138,100,100,0,26,100,100,53,19,14,7,2,7,0,0,100,100,100,57,51,100,84,4,1,1788990741.1044655,G1,T01,ost36_cartongesso_1m,1,moving
37902,1,1,1,84,132,100,100,0,30,100,100,21,9,5,2,6,4,0,0,100,100,100,59,49,100,77,4,1,1788990741.2955654,G1,T01,ost36_cartongesso_1m,1,moving
38102,1,1,1,135,100,100,100,0,18,100,100,42,6,11,3,7,3,0,0,100,100,100,59,49,100,74,4,1,1788990741.5035512,G1,T01,ost36_cartongesso_1m,1,moving
38302,1,1,1,114,100,100,100,0,31,100,100,42,14,6,4,15,9,0,0,100,100,100,59,48,100,72,4,1,1788990741.697757,G1,T01,ost36_cartongesso_1m,1,moving
38502,1,1,1,97,103,100,100,0,17,100,100,43,17,10,10,13,9,0,0,100,100,100,58,47,100,70,4,1,1788990741.9062002,G1,T01,ost36_cartongesso_1m,1,moving
38702,1,1,1,108,99,100,100,0,26,100,100,52,34,3,9,8,4,0,0,100,100,100,57,47,100,70,4,1,1788990742.098442,G1,T01,ost36_cartongesso_1m,1,moving
38902,1,1,1,96,93,100,100,0,28,100,100,22,15,8,7,6,4,0,0,100,100,100,58,49,100,68,4,1,1788990742.2927527,G1,T01,ost36_cartongesso_1m,1,moving
39102,1,1,1,104,88,100,100,0,17,100,100,34,12,7,7,5,8,0,0,100,100,100,57,49,99,67,4,1,1788990742.505403,G1,T01,ost36_cartongesso_1m,1,moving
39302,1,1,1,125,114,100,100,0,37,100,100,63,4,10,7,3,4,0,0,100,100,100,57,49,98,65,4,1,1788990742.6939113,G1,T01,ost36_cartongesso_1m,1,moving
39502,1,1,1,129,101,100,100,0,16,99,100,47,25,2,9,14,16,0,0,100,100,100,55,46,97,65,4,1,1788990742.9021168,G1,T01,ost36_cartongesso_1m,1,moving
39702,1,1,1,138,120,100,100,0,17,96,100,58,22,12,5,10,16,0,0,100,100,100,55,47,98,67,4,1,1788990743.0936906,G1,T01,ost36_cartongesso_1m,1,moving
39902,1,1,1,92,106,100,100,0,43,100,100,14,13,2,11,12,11,0,0,100,100,100,56,49,100,71,4,1,1788990743.3028915,G1,T01,ost36_cartongesso_1m,1,moving
40102,1,1,1,102,153,100,100,0,27,100,100,26,14,7,9,6,1,0,0,100,100,100,57,50,100,73,4,1,1788990743.4949107,G1,T01,ost36_cartongesso_1m,1,moving
40302,1,1,1,133,119,100,100,0,26,100,100,74,30,15,4,12,11,0,0,100,100,100,56,49,100,74,4,1,1788990743.7050855,G1,T01,ost36_cartongesso_1m,1,moving
40502,1,1,1,101,132,100,100,0,19,100,100,46,28,8,10,15,12,0,0,100,100,100,55,48,100,71,4,1,1788990743.8965209,G1,T01,ost36_cartongesso_1m,1,moving
40702,1,1,1,102,99,100,100,0,35,100,100,17,21,19,2,6,1,0,0,100,100,100,59,48,100,72,4,1,1788990744.1047802,G1,T01,ost36_cartongesso_1m,1,moving
40902,1,1,1,123,97,100,100,0,26,100,100,38,10,3,4,12,8,0,0,100,100,100,55,47,100,73,4,1,1788990744.298303,G1,T01,ost36_cartongesso_1m,1,moving
41102,1,1,1,111,103,79,100,0,13,79,79,13,20,17,9,9,9,0,0,100,100,100,55,49,100,71,4,1,1788990744.4910905,G1,T01,ost36_cartongesso_1m,1,moving
41302,1,1,1,125,123,100,100,0,18,100,100,45,19,17,10,6,9,0,0,100,100,100,56,50,100,72,4,1,1788990744.7016506,G1,T01,ost36_cartongesso_1m,1,moving
41502,1,1,1,134,113,100,100,0,23,100,100,48,23,13,15,19,12,0,0,100,100,100,58,50,100,72,4,1,1788990744.8932135,G1,T01,ost36_cartongesso_1m,1,moving
41702,1,1,1,111,106,100,100,0,35,100,100,43,27,7,7,17,13,0,0,100,100,100,58,51,100,73,4,1,1788990745.100328,G1,T01,ost36_cartongesso_1m,1,moving
41902,1,1,1,95,130,100,100,0,22,100,100,40,17,10,12,11,12,0,0,100,100,100,60,53,100,74,4,1,1788990745.2953405,G1,T01,ost36_cartongesso_1m,1,moving
42102,1,1,1,106,101,100,100,0,23,100,100,46,10,11,5,8,1,0,0,100,100,100,59,53,100,76,4,1,1788990745.5035014,G1,T01,ost36_cartongesso_1m,1,moving
42302,1,1,1,114,97,100,100,0,27,100,100,30,13,16,9,13,14,0,0,100,100,100,60,54,100,77,4,1,1788990745.6950536,G1,T01,ost36_cartongesso_1m,1,moving
42502,1,1,1,102,121,100,100,0,14,100,100,40,12,8,11,24,9,0,0,100,100,100,60,55,100,78,4,1,1788990745.9036853,G1,T01,ost36_cartongesso_1m,1,moving
42702,1,1,1,100,102,100,100,0,29,100,100,28,11,13,4,2,6,0,0,100,100,100,61,54,100,78,4,1,1788990746.0954473,G1,T01,ost36_cartongesso_1m,1,moving
42902,1,1,1,100,89,100,100,0,66,100,100,44,9,15,7,5,7,0,0,100,100,100,63,53,100,79,4,1,1788990746.3063943,G1,T01,ost36_cartongesso_1m,1,moving
43102,1,1,1,145,133,98,100,0,14,76,98,70,23,9,9,7,6,0,0,100,100,100,64,52,100,80,4,1,1788990746.4976332,G1,T01,ost36_cartongesso_1m,1,moving
43302,1,1,1,128,94,100,100,0,21,100,100,47,12,9,7,5,9,0,0,100,100,100,65,52,100,80,4,1,1788990746.7053568,G1,T01,ost36_cartongesso_1m,1,moving
43502,1,1,1,108,118,100,100,0,45,100,100,40,9,3,11,21,8,0,0,100,100,100,66,53,100,79,4,1,1788990746.9013376,G1,T01,ost36_cartongesso_1m,1,moving
43702,1,1,1,119,85,66,100,0,19,62,66,34,24,17,5,13,10,0,0,100,100,100,68,53,100,77,4,1,1788990747.0919821,G1,T01,ost36_cartongesso_1m,1,moving
43902,1,1,1,83,100,100,100,0,21,100,58,41,11,10,9,13,7,0,0,100,100,100,68,51,100,75,4,1,1788990747.3022757,G1,T01,ost36_cartongesso_1m,1,moving
44102,1,1,1,99,110,100,100,0,91,100,100,16,33,11,4,7,1,0,0,100,100,100,68,50,100,74,4,1,1788990747.5051603,G1,T01,ost36_cartongesso_1m,1,moving
44302,1,1,1,106,100,100,100,0,29,100,100,62,24,11,4,17,12,0,0,100,100,100,68,50,100,72,4,1,1788990747.7025125,G1,T01,ost36_cartongesso_1m,1,moving
44502,1,1,1,109,103,100,100,0,14,100,100,8,13,2,13,14,8,0,0,100,100,100,66,50,100,73,4,1,1788990747.8977807,G1,T01,ost36_cartongesso_1m,1,moving
44702,1,1,1,108,115,100,100,0,60,100,100,74,13,12,4,1,6,0,0,100,100,100,66,50,100,71,4,1,1788990748.1044238,G1,T01,ost36_cartongesso_1m,1,moving
44902,1,1,1,94,95,100,100,0,22,100,77,8,20,7,2,6,9,0,0,100,100,100,70,50,100,70,4,1,1788990748.298699,G1,T01,ost36_cartongesso_1m,1,moving
45102,1,1,1,93,107,100,100,0,46,100,100,13,27,11,5,8,6,0,0,100,100,100,68,49,100,73,4,1,1788990748.5059946,G1,T01,ost36_cartongesso_1m,1,moving
45302,1,1,1,89,93,100,100,0,64,100,100,40,41,17,9,8,1,0,0,100,100,100,70,50,100,70,4,1,1788990748.6978285,G1,T01,ost36_cartongesso_1m,1,moving
45502,1,1,1,100,94,100,100,0,19,100,100,29,6,3,8,18,15,0,0,100,100,100,68,47,100,71,4,1,1788990748.8941631,G1,T01,ost36_cartongesso_1m,1,moving
45702,1,1,1,103,104,94,100,0,22,94,85,41,24,8,5,10,14,0,0,100,100,100,67,47,100,72,4,1,1788990749.1057396,G1,T01,ost36_cartongesso_1m,1,moving
45902,1,1,1,101,87,100,100,0,40,100,100,59,3,9,14,11,12,0,0,100,100,100,65,46,100,74,4,1,1788990749.3063786,G1,T01,ost36_cartongesso_1m,1,moving
46102,1,1,1,110,118,100,100,0,28,100,99,20,13,14,9,9,5,0,0,100,100,100,66,47,100,76,4,1,1788990749.5013871,G1,T01,ost36_cartongesso_1m,1,moving
46302,1,1,1,94,120,100,100,0,29,100,100,25,12,12,9,10,18,0,0,100,100,100,65,47,100,76,4,1,1788990749.693217,G1,T01,ost36_cartongesso_1m,1,moving
46502,1,1,1,101,120,100,100,0,40,100,100,48,15,10,12,23,9,0,0,100,100,100,65,47,100,76,4,1,1788990749.903972,G1,T01,ost36_cartongesso_1m,1,moving
46702,1,1,1,123,106,100,100,0,22,100,100,65,21,16,11,6,6,0,0,100,100,100,65,48,100,76,4,1,1788990750.0948384,G1,T01,ost36_cartongesso_1m,1,moving
46902,1,1,1,90,97,100,100,0,34,100,100,23,17,8,11,4,6,0,0,100,100,100,66,47,100,77,4,1,1788990750.303013,G1,T01,ost36_cartongesso_1m,1,moving
47102,1,1,1,115,95,100,100,0,19,100,100,53,27,8,2,8,7,0,0,100,100,100,67,49,100,79,4,1,1788990750.4979901,G1,T01,ost36_cartongesso_1m,1,moving
47302,1,1,1,94,120,100,100,0,36,100,100,40,14,22,14,3,1,0,0,100,100,100,70,51,100,78,4,1,1788990750.7051034,G1,T01,ost36_cartongesso_1m,1,moving
47502,1,1,1,97,110,100,100,0,26,100,100,45,32,12,14,19,14,0,0,100,100,100,69,51,100,79,3,1,1788990750.8989222,G1,T01,ost36_cartongesso_1m,1,moving
47702,1,1,1,113,122,100,100,0,24,100,100,51,13,8,8,6,7,0,0,100,100,100,67,51,100,78,3,1,1788990751.0916436,G1,T01,ost36_cartongesso_1m,1,moving
47902,1,1,1,99,130,100,100,0,59,100,100,12,11,6,8,10,13,0,0,100,100,100,67,51,100,79,4,1,1788990751.2998002,G1,T01,ost36_cartongesso_1m,1,moving
48102,1,1,1,104,122,100,100,0,32,100,100,31,6,11,2,8,9,0,0,100,100,100,68,51,100,80,4,1,1788990751.493941,G1,T01,ost36_cartongesso_1m,1,moving
48302,1,1,1,94,102,77,100,0,23,77,60,25,19,7,7,8,12,0,0,100,100,100,67,52,100,80,4,1,1788990751.702098,G1,T01,ost36_cartongesso_1m,1,moving
48502,1,1,1,116,118,100,100,0,48,100,100,59,27,15,2,11,9,0,0,100,100,100,70,53,100,82,4,1,1788990751.8976412,G1,T01,ost36_cartongesso_1m,1,moving
48702,1,1,1,113,104,100,100,0,78,100,100,100,23,11,10,4,5,0,0,100,100,100,68,52,100,82,4,1,1788990752.1045182,G1,T01,ost36_cartongesso_1m,1,moving
48902,1,1,1,132,86,100,100,0,18,100,100,53,15,10,9,9,9,0,0,100,100,100,65,54,100,82,4,1,1788990752.2959511,G1,T01,ost36_cartongesso_1m,1,moving
49102,1,1,1,109,97,100,100,0,17,100,100,21,17,16,4,10,4,0,0,100,100,100,65,53,100,81,4,1,1788990752.5049248,G1,T01,ost36_cartongesso_1m,1,moving
49302,1,1,1,107,125,100,100,0,43,100,100,75,12,12,3,8,12,0,0,100,100,100,63,53,100,83,4,1,1788990752.6970322,G1,T01,ost36_cartongesso_1m,1,moving
49502,1,1,1,123,97,100,100,0,20,100,100,44,23,4,20,21,10,0,0,100,100,100,65,55,100,81,4,1,1788990752.9064627,G1,T01,ost36_cartongesso_1m,1,moving
49702,1,1,1,120,138,100,100,0,23,100,100,55,11,9,6,17,11,0,0,100,100,100,65,56,100,80,4,1,1788990753.0987735,G1,T01,ost36_cartongesso_1m,1,moving
49902,1,1,1,104,128,100,100,0,28,100,100,35,7,11,4,4,1,0,0,100,100,100,66,53,100,78,4,1,1788990753.2909393,G1,T01,ost36_cartongesso_1m,1,moving
50102,1,1,1,125,121,100,100,0,29,100,100,55,11,6,4,5,8,0,0,100,100,100,64,51,100,76,4,1,1788990753.501257,G1,T01,ost36_cartongesso_1m,1,moving
50302,1,1,1,111,103,100,100,0,30,100,100,64,24,5,7,11,10,0,0,100,100,100,63,51,100,75,3,1,1788990753.6940575,G1,T01,ost36_cartongesso_1m,1,moving
50502,1,1,1,82,125,78,100,0,28,78,44,24,9,10,7,9,9,0,0,100,100,100,63,50,100,75,4,1,1788990753.900352,G1,T01,ost36_cartongesso_1m,1,moving
50702,1,1,1,105,105,100,100,0,38,100,100,25,29,11,3,12,8,0,0,100,100,100,62,50,100,74,4,1,1788990754.0952678,G1,T01,ost36_cartongesso_1m,1,moving
50902,1,1,1,110,118,100,100,0,16,100,100,37,11,3,8,12,9,0,0,100,100,100,59,52,100,73,4,1,1788990754.3016357,G1,T01,ost36_cartongesso_1m,1,moving
51102,1,1,1,116,112,100,100,0,49,100,100,26,19,10,6,8,2,0,0,100,100,100,58,52,100,72,4,1,1788990754.49664,G1,T01,ost36_cartongesso_1m,1,moving
51302,1,1,1,108,99,100,100,0,27,100,100,82,24,6,9,5,10,0,0,100,100,100,55,49,100,71,4,1,1788990754.704927,G1,T01,ost36_cartongesso_1m,1,moving
51502,1,1,1,92,125,100,100,0,39,100,100,54,14,20,10,16,8,0,0,100,100,100,57,49,100,72,4,1,1788990754.8995707,G1,T01,ost36_cartongesso_1m,1,moving
51702,1,1,1,134,97,100,100,0,24,97,100,91,28,7,3,15,13,0,0,100,100,100,57,51,100,69,4,1,1788990755.1063492,G1,T01,ost36_cartongesso_1m,1,moving
51902,1,1,1,105,99,100,100,0,53,100,100,26,15,9,12,9,9,0,0,100,100,100,57,52,100,70,4,1,1788990755.299513,G1,T01,ost36_cartongesso_1m,1,moving
52102,1,1,1,93,107,100,100,0,47,100,100,14,9,6,5,9,1,0,0,100,100,100,56,51,100,68,4,1,1788990755.4927883,G1,T01,ost36_cartongesso_1m,1,moving
52302,1,1,1,91,91,100,100,0,24,100,88,37,30,16,10,7,9,0,0,100,100,100,59,50,100,69,4,1,1788990755.7006857,G1,T01,ost36_cartongesso_1m,1,moving
52502,1,1,1,127,120,100,100,0,25,100,100,70,22,12,12,23,8,0,0,100,100,100,56,50,100,67,4,1,1788990755.9009206,G1,T01,ost36_cartongesso_1m,1,moving
52702,1,1,1,107,115,100,100,0,55,100,100,49,25,16,6,9,9,0,0,100,100,100,57,49,100,67,4,1,1788990756.10248,G1,T01,ost36_cartongesso_1m,1,moving
52902,1,1,1,104,104,100,100,0,46,100,100,36,15,15,3,2,5,0,0,100,100,100,59,46,100,67,4,1,1788990756.294834,G1,T01,ost36_cartongesso_1m,1,moving
53102,1,1,1,135,121,71,100,0,19,67,71,62,15,5,7,3,4,0,0,100,100,100,57,47,100,67,4,1,1788990756.5059123,G1,T01,ost36_cartongesso_1m,1,moving
53302,1,1,1,131,118,100,100,0,14,94,100,44,30,18,11,8,6,0,0,100,100,100,59,46,100,66,4,1,1788990756.6957114,G1,T01,ost36_cartongesso_1m,1,moving
53502,1,0,1,0,95,0,100,0,13,47,49,52,19,7,10,17,13,0,0,100,100,100,57,46,100,67,4,1,1788990756.903915,G1,T01,ost36_cartongesso_1m,1,moving
53702,1,1,1,123,98,100,100,0,20,100,100,61,31,15,7,15,13,0,0,100,100,100,59,45,100,67,4,1,1788990757.0985548,G1,T01,ost36_cartongesso_1m,1,moving
53902,1,1,1,89,113,100,100,0,78,100,100,48,28,11,9,4,10,0,0,100,100,100,57,48,100,71,4,1,1788990757.3058155,G1,T01,ost36_cartongesso_1m,1,moving
54102,1,1,1,75,99,100,100,0,40,100,39,67,26,7,7,11,11,0,0,100,100,100,57,50,100,76,4,1,1788990757.5051794,G1,T01,ost36_cartongesso_1m,1,moving
54302,1,1,1,94,107,100,100,0,13,100,90,22,5,10,6,7,13,0,0,100,100,100,57,48,100,79,4,1,1788990757.6916065,G1,T01,ost36_cartongesso_1m,1,moving
54502,1,1,1,117,108,100,100,0,18,100,100,59,27,8,2,24,19,0,0,100,100,100,57,49,100,79,4,1,1788990757.9025187,G1,T01,ost36_cartongesso_1m,1,moving
54702,1,1,1,119,94,100,100,0,29,100,100,52,21,24,10,20,12,0,0,100,100,100,58,49,100,82,4,1,1788990758.0939167,G1,T01,ost36_cartongesso_1m,1,moving
54902,1,1,1,103,94,100,100,0,41,100,100,32,20,12,8,3,7,0,0,100,100,100,60,47,100,84,4,1,1788990758.3019419,G1,T01,ost36_cartongesso_1m,1,moving
55102,1,1,1,101,96,100,100,0,48,100,100,45,20,5,6,5,11,0,0,100,100,100,60,46,100,84,4,1,1788990758.4947915,G1,T01,ost36_cartongesso_1m,1,moving
55302,1,1,1,124,110,100,100,0,19,100,100,62,20,3,13,15,3,0,0,100,100,100,60,49,100,85,4,1,1788990758.703695,G1,T01,ost36_cartongesso_1m,1,moving
55502,1,1,1,104,120,100,100,0,16,100,100,17,22,17,12,12,9,0,0,100,100,100,60,49,100,85,4,1,1788990758.9032094,G1,T01,ost36_cartongesso_1m,1,moving
55702,1,1,1,133,101,100,100,0,31,100,100,76,34,10,5,17,17,0,0,100,100,100,61,48,100,85,4,1,1788990759.1057544,G1,T01,ost36_cartongesso_1m,1,moving
55902,1,1,1,104,102,100,100,0,17,100,100,59,10,10,8,10,12,0,0,100,100,100,63,48,100,86,4,1,1788990759.2972755,G1,T01,ost36_cartongesso_1m,1,moving
56102,1,1,1,91,109,100,100,0,13,100,100,11,4,9,6,9,3,0,0,100,100,100,60,50,100,88,4,1,1788990759.5051525,G1,T01,ost36_cartongesso_1m,1,moving
56302,1,1,1,118,131,100,100,0,20,100,100,77,19,5,3,10,12,0,0,100,100,100,59,50,100,87,4,1,1788990759.6992543,G1,T01,ost36_cartongesso_1m,1,moving
56502,1,1,1,108,123,100,100,0,44,100,100,38,27,16,1,18,10,0,0,100,100,100,61,48,100,88,4,1,1788990759.906843,G1,T01,ost36_cartongesso_1m,1,moving
56702,1,1,1,103,95,100,100,0,36,100,100,25,5,8,7,17,9,0,0,100,100,100,57,49,100,89,4,1,1788990760.1069086,G1,T01,ost36_cartongesso_1m,1,moving
56902,1,1,1,93,116,95,100,0,16,95,69,20,15,6,3,11,10,0,0,100,100,100,55,51,100,91,4,1,1788990760.2939303,G1,T01,ost36_cartongesso_1m,1,moving
57102,1,1,1,98,107,100,100,0,17,100,100,17,24,10,6,5,3,0,0,100,100,100,57,53,100,91,4,1,1788990760.502474,G1,T01,ost36_cartongesso_1m,1,moving
57302,1,1,1,108,118,100,100,0,36,100,100,27,43,25,5,8,3,0,0,100,100,100,58,53,100,90,4,1,1788990760.6963735,G1,T01,ost36_cartongesso_1m,1,moving
57502,1,1,1,119,107,94,100,0,14,89,94,48,37,11,10,3,2,0,0,100,100,100,57,50,100,91,4,1,1788990760.9052918,G1,T01,ost36_cartongesso_1m,1,moving
57702,1,1,1,101,129,100,100,0,48,100,100,24,6,5,15,18,9,0,0,100,100,100,56,51,100,87,4,1,1788990761.096644,G1,T01,ost36_cartongesso_1m,1,moving
57902,1,1,1,90,104,100,100,0,46,100,100,31,23,2,7,5,8,0,0,100,100,100,55,51,100,85,4,1,1788990761.3050206,G1,T01,ost36_cartongesso_1m,1,moving
58102,1,1,1,105,89,100,100,0,48,100,100,56,22,9,6,17,6,0,0,100,100,100,56,49,100,79,4,1,1788990761.497149,G1,T01,ost36_cartongesso_1m,1,moving
58302,1,1,1,121,137,100,100,0,38,100,100,69,4,7,5,10,9,0,0,100,100,100,56,49,100,77,4,1,1788990761.7068925,G1,T01,ost36_cartongesso_1m,1,moving
58502,1,1,1,90,89,100,100,0,31,100,81,28,10,9,9,19,14,0,0,100,100,100,55,51,100,77,4,1,1788990761.9065065,G1,T01,ost36_cartongesso_1m,1,moving
58702,1,1,1,114,104,100,100,0,15,100,100,65,11,10,13,12,8,0,0,100,100,100,55,52,100,74,4,1,1788990762.1070538,G1,T01,ost36_cartongesso_1m,1,moving
58902,1,1,1,100,92,100,100,0,60,100,100,9,25,11,10,9,3,0,0,100,100,100,53,53,100,75,4,1,1788990762.3000374,G1,T01,ost36_cartongesso_1m,1,moving
59102,1,1,1,91,103,94,100,0,27,94,68,13,27,14,6,6,8,0,0,100,100,100,54,55,100,75,4,1,1788990762.4923954,G1,T01,ost36_cartongesso_1m,1,moving
59302,1,1,1,91,82,100,100,0,41,100,100,30,24,13,14,3,5,0,0,100,100,100,55,55,100,72,4,1,1788990762.7027462,G1,T01,ost36_cartongesso_1m,1,moving
59502,1,1,1,117,106,100,100,0,59,100,100,100,9,13,15,9,10,0,0,100,100,100,54,56,100,72,4,1,1788990762.9065385,G1,T01,ost36_cartongesso_1m,1,moving
59702,1,1,1,97,107,100,100,0,14,100,100,37,8,4,14,21,10,0,0,100,100,100,54,56,100,72,4,1,1788990763.1036384,G1,T01,ost36_cartongesso_1m,1,moving
59902,1,1,1,130,87,100,100,0,13,100,100,57,35,2,7,11,10,0,0,100,100,100,51,57,100,71,4,1,1788990763.2960925,G1,T01,ost36_cartongesso_1m,1,moving
60102,1,1,1,97,135,100,100,0,57,100,100,14,19,15,4,10,8,0,0,100,100,100,53,57,100,69,4,1,1788990763.5040193,G1,T01,ost36_cartongesso_1m,1,moving
60302,1,1,1,113,111,100,100,0,77,100,100,75,4,4,7,6,9,0,0,100,100,100,54,58,100,69,4,1,1788990763.706435,G1,T01,ost36_cartongesso_1m,1,moving
60502,1,1,1,107,102,100,100,0,34,100,100,38,16,14,15,27,15,0,0,100,100,100,52,59,100,69,4,1,1788990763.9072251,G1,T01,ost36_cartongesso_1m,1,moving
60702,1,1,1,110,102,100,100,0,29,100,100,17,14,15,9,16,5,0,0,100,100,100,55,59,100,67,4,1,1788990764.0976076,G1,T01,ost36_cartongesso_1m,1,moving
60902,1,1,1,99,115,100,100,0,16,100,100,35,19,2,7,3,9,0,0,100,100,100,55,58,100,67,3,1,1788990764.2925453,G1,T01,ost36_cartongesso_1m,1,moving
61102,1,1,1,134,127,100,100,0,18,92,100,48,18,8,5,8,4,0,0,100,100,100,55,58,100,67,3,1,1788990764.5007458,G1,T01,ost36_cartongesso_1m,1,moving
61302,1,1,1,100,114,100,100,0,26,100,100,32,5,6,5,8,6,0,0,100,100,100,53,57,97,66,4,1,1788990764.6921978,G1,T01,ost36_cartongesso_1m,1,moving
61502,1,1,1,131,120,100,100,0,36,100,100,57,44,25,11,2,6,0,0,100,100,100,57,59,96,65,3,1,1788990764.901464,G1,T01,ost36_cartongesso_1m,1,moving
61702,1,1,1,103,126,100,100,0,13,100,100,41,20,8,14,15,8,0,0,100,100,100,58,59,95,66,3,1,1788990765.0934727,G1,T01,ost36_cartongesso_1m,1,moving
61902,1,1,1,79,104,72,100,0,22,72,33,27,25,7,3,5,9,0,0,100,100,100,59,61,96,66,4,1,1788990765.3054473,G1,T01,ost36_cartongesso_1m,1,moving
62102,1,1,1,99,87,100,100,0,84,100,100,58,4,6,1,8,11,0,0,100,100,100,59,61,97,68,4,1,1788990765.4979603,G1,T01,ost36_cartongesso_1m,1,moving
62302,1,1,1,99,114,100,100,0,86,100,100,74,29,10,3,13,8,0,0,100,100,100,59,62,100,68,4,1,1788990765.7066908,G1,T01,ost36_cartongesso_1m,1,moving
62502,1,1,1,124,116,100,100,0,25,100,100,54,13,2,9,24,18,0,0,100,100,100,60,62,100,69,4,1,1788990765.9069772,G1,T01,ost36_cartongesso_1m,1,moving
62702,1,1,1,129,103,96,100,0,29,77,96,29,18,10,7,12,12,0,0,100,100,100,60,60,100,70,4,1,1788990766.091579,G1,T01,ost36_cartongesso_1m,1,moving
62902,1,1,1,97,99,100,100,0,24,100,100,63,18,5,4,7,7,0,0,100,100,100,61,61,100,68,4,1,1788990766.300092,G1,T01,ost36_cartongesso_1m,1,moving
63102,1,1,1,106,100,100,100,0,43,100,100,38,15,18,4,11,2,0,0,100,100,100,61,60,100,69,4,1,1788990766.4980545,G1,T01,ost36_cartongesso_1m,1,moving
63302,1,1,1,82,104,100,100,0,24,100,72,45,33,11,11,6,4,0,0,100,100,100,60,58,100,69,4,1,1788990766.6987236,G1,T01,ost36_cartongesso_1m,1,moving
63502,1,1,1,89,91,100,100,0,38,100,100,33,29,14,9,7,4,0,0,100,100,100,62,57,100,68,4,1,1788990766.8928285,G1,T01,ost36_cartongesso_1m,1,moving
63702,1,1,1,138,121,100,100,0,33,84,100,48,17,8,10,22,16,0,0,100,100,100,60,56,100,69,3,1,1788990767.1009305,G1,T01,ost36_cartongesso_1m,1,moving
63902,1,1,1,100,116,100,100,0,13,100,100,20,8,10,2,11,13,0,0,100,100,100,61,54,100,71,3,1,1788990767.3073938,G1,T01,ost36_cartongesso_1m,1,moving
64102,1,1,1,99,96,100,100,0,25,100,100,28,20,3,10,8,7,0,0,100,100,100,61,55,100,74,3,1,1788990767.5052145,G1,T01,ost36_cartongesso_1m,1,moving
64302,1,1,1,103,104,100,100,0,13,100,100,56,10,6,9,8,8,0,0,100,100,100,60,55,100,80,4,1,1788990767.69558,G1,T01,ost36_cartongesso_1m,1,moving
64502,1,1,1,96,100,100,100,0,26,100,84,61,9,12,5,23,16,0,0,100,100,100,61,55,100,81,4,1,1788990767.9054239,G1,T01,ost36_cartongesso_1m,1,moving
64702,1,1,1,104,111,99,100,0,13,99,89,36,6,3,5,22,15,0,0,100,100,100,57,55,100,80,4,1,1788990768.0976684,G1,T01,ost36_cartongesso_1m,1,moving
64902,1,1,1,128,99,100,100,0,24,100,100,84,8,9,13,5,12,0,0,100,100,100,57,56,100,82,4,1,1788990768.3048708,G1,T01,ost36_cartongesso_1m,1,moving
65102,1,0,1,0,102,0,100,0,18,22,38,39,28,14,6,3,2,0,0,100,100,100,57,57,100,84,4,1,1788990768.4978194,G1,T01,ost36_cartongesso_1m,1,moving
65302,1,1,1,91,119,100,100,0,28,100,87,18,28,13,7,12,10,0,0,100,100,100,57,57,100,86,4,1,1788990768.7064419,G1,T01,ost36_cartongesso_1m,1,moving
65502,1,1,1,100,117,100,100,0,21,100,100,37,10,7,11,16,3,0,0,100,100,100,53,56,100,86,4,1,1788990768.9010856,G1,T01,ost36_cartongesso_1m,1,moving
65702,1,1,1,97,93,100,100,0,38,100,100,34,19,5,12,19,15,0,0,100,100,100,52,55,100,87,4,1,1788990769.093599,G1,T01,ost36_cartongesso_1m,1,moving
65902,1,1,1,100,127,95,100,0,19,95,82,28,22,7,7,3,10,0,0,100,100,100,53,54,100,85,4,1,1788990769.301861,G1,T01,ost36_cartongesso_1m,1,moving
66102,1,1,1,113,90,100,100,0,43,100,100,41,13,9,6,9,3,0,0,100,100,100,53,56,100,85,4,1,1788990769.4952297,G1,T01,ost36_cartongesso_1m,1,moving
66302,1,1,1,87,106,100,100,0,30,100,100,47,19,7,7,6,6,0,0,100,100,100,54,56,100,86,4,1,1788990769.7035937,G1,T01,ost36_cartongesso_1m,1,moving
66502,1,1,1,104,99,100,100,0,34,100,100,46,11,10,2,22,16,0,0,100,100,100,53,55,100,85,4,1,1788990769.896218,G1,T01,ost36_cartongesso_1m,1,moving
66702,1,1,1,120,94,100,100,0,33,100,100,48,9,18,5,13,10,0,0,100,100,100,56,56,100,86,4,1,1788990770.103475,G1,T01,ost36_cartongesso_1m,1,moving
66902,1,1,1,120,117,100,100,0,20,100,100,69,34,8,12,11,6,0,0,100,100,100,55,55,100,88,4,1,1788990770.295872,G1,T01,ost36_cartongesso_1m,1,moving
67102,1,1,1,124,107,81,100,0,23,73,81,37,11,11,4,7,1,0,0,100,100,100,54,55,100,88,4,1,1788990770.5066662,G1,T01,ost36_cartongesso_1m,1,moving
67302,1,1,1,113,91,100,100,0,25,100,100,32,8,10,3,1,4,0,0,100,100,100,54,57,100,89,4,1,1788990770.7005947,G1,T01,ost36_cartongesso_1m,1,moving
67502,1,1,1,100,111,100,100,0,23,100,100,42,16,21,7,13,10,0,0,100,100,100,54,57,100,89,4,1,1788990770.907468,G1,T01,ost36_cartongesso_1m,1,moving
67702,1,1,1,84,111,100,100,0,25,100,58,43,36,6,5,11,9,0,0,100,100,100,54,56,100,88,4,1,1788990771.101187,G1,T01,ost36_cartongesso_1m,1,moving
67902,1,1,1,99,106,100,100,0,13,100,100,17,7,4,6,16,14,0,0,100,100,100,53,57,100,86,4,1,1788990771.2948694,G1,T01,ost36_cartongesso_1m,1,moving
68102,1,1,1,103,87,100,100,0,52,100,100,45,5,9,1,8,4,0,0,100,100,100,53,57,100,84,4,1,1788990771.5027432,G1,T01,ost36_cartongesso_1m,1,moving
68302,1,1,1,95,96,100,100,0,44,100,100,18,7,7,5,10,8,0,0,100,100,100,53,56,100,79,4,1,1788990771.6962848,G1,T01,ost36_cartongesso_1m,1,moving
68502,1,1,1,118,94,100,100,0,20,100,100,38,33,12,11,7,6,0,0,100,100,100,54,57,100,80,4,1,1788990771.904422,G1,T01,ost36_cartongesso_1m,1,moving
68702,1,1,1,122,114,100,100,0,28,100,100,33,28,14,2,19,13,0,0,100,100,100,56,58,100,81,3,1,1788990772.0991936,G1,T01,ost36_cartongesso_1m,1,moving
68902,1,1,1,121,104,100,100,0,37,100,100,50,36,20,16,4,0,0,0,100,100,100,60,59,100,80,4,1,1788990772.302475,G1,T01,ost36_cartongesso_1m,1,moving
69102,1,1,1,107,103,100,100,0,50,100,100,28,5,12,9,8,3,0,0,100,100,100,61,58,100,79,4,1,1788990772.5006025,G1,T01,ost36_cartongesso_1m,1,moving
69302,1,1,1,106,95,100,100,0,13,100,100,48,26,11,11,5,3,0,0,100,100,100,61,59,100,78,3,1,1788990772.7060988,G1,T01,ost36_cartongesso_1m,1,moving
69502,1,1,1,87,106,100,100,0,67,100,100,30,13,9,12,9,1,0,0,100,100,100,61,59,100,76,4,1,1788990772.9029891,G1,T01,ost36_cartongesso_1m,1,moving
69702,1,1,1,103,97,100,100,0,57,100,100,52,17,6,3,17,9,0,0,100,100,100,61,60,100,76,4,1,1788990773.1043036,G1,T01,ost36_cartongesso_1m,1,moving
69902,1,1,1,142,122,100,100,0,28,92,100,61,34,11,4,17,13,0,0,100,100,100,59,59,100,77,4,1,1788990773.3055406,G1,T01,ost36_cartongesso_1m,1,moving
70102,1,1,1,99,109,100,100,0,75,100,100,46,18,7,10,7,11,0,0,100,100,100,60,59,100,81,4,1,1788990773.505665,G1,T01,ost36_cartongesso_1m,1,moving
70302,1,1,1,119,101,100,100,0,19,100,100,39,16,7,8,7,4,0,0,100,100,100,60,61,100,85,4,1,1788990773.7068684,G1,T01,ost36_cartongesso_1m,1,moving
70502,1,1,1,103,108,100,100,0,27,100,100,40,15,9,9,12,13,0,0,100,100,100,60,62,100,87,4,1,1788990773.906973,G1,T01,ost36_cartongesso_1m,1,moving
70702,1,1,1,116,103,100,100,0,48,100,100,97,37,11,9,19,11,0,0,100,100,100,58,61,100,85,4,1,1788990774.1066227,G1,T01,ost36_cartongesso_1m,1,moving
70902,1,1,1,97,114,100,100,0,47,100,100,29,15,13,11,8,9,0,0,100,100,100,59,62,100,86,4,1,1788990774.295553,G1,T01,ost36_cartongesso_1m,1,moving
71102,1,1,1,84,108,65,100,0,18,65,38,33,27,14,6,6,6,0,0,100,100,100,59,62,100,88,4,1,1788990774.5065408,G1,T01,ost36_cartongesso_1m,1,moving
71302,1,1,1,106,115,100,100,0,81,100,100,48,14,2,5,1,12,0,0,100,100,100,58,63,100,89,4,1,1788990774.700503,G1,T01,ost36_cartongesso_1m,1,moving
71502,1,1,1,100,102,100,100,0,13,100,100,17,23,13,8,15,4,0,0,100,100,100,58,62,100,89,4,1,1788990774.9064572,G1,T01,ost36_cartongesso_1m,1,moving
71702,1,1,1,115,116,100,100,0,39,100,100,61,23,17,13,17,2,0,0,100,100,100,61,62,100,91,4,1,1788990775.099786,G1,T01,ost36_cartongesso_1m,1,moving
71902,1,1,1,103,115,100,100,0,64,100,100,40,29,22,2,26,17,0,0,100,100,100,64,61,100,90,4,1,1788990775.3074346,G1,T01,ost36_cartongesso_1m,1,moving
72102,1,1,1,143,106,100,100,0,15,52,100,23,25,12,8,9,15,0,0,100,100,100,63,61,100,92,4,1,1788990775.500017,G1,T01,ost36_cartongesso_1m,1,moving
72302,1,1,1,106,110,100,100,0,43,100,100,39,29,14,9,12,11,0,0,100,100,100,65,62,100,98,4,1,1788990775.6937134,G1,T01,ost36_cartongesso_1m,1,moving
72502,1,1,1,91,111,100,100,0,60,100,100,38,15,3,2,8,13,0,0,100,100,100,63,60,100,99,4,1,1788990775.9013786,G1,T01,ost36_cartongesso_1m,1,moving
72702,1,1,1,118,98,100,100,0,28,100,100,60,24,11,11,6,16,0,0,100,100,100,63,59,100,100,4,1,1788990776.0954268,G1,T01,ost36_cartongesso_1m,1,moving
72902,1,1,1,127,100,100,100,0,27,100,100,69,14,9,14,23,15,0,0,100,100,100,59,57,100,100,4,1,1788990776.3038652,G1,T01,ost36_cartongesso_1m,1,moving
73102,1,1,1,128,118,100,100,0,26,100,100,84,22,13,8,5,4,0,0,100,100,100,59,58,100,100,4,1,1788990776.4959462,G1,T01,ost36_cartongesso_1m,1,moving
73302,1,1,1,106,123,100,100,0,13,100,100,19,16,11,4,1,9,0,0,100,100,100,58,61,100,100,4,1,1788990776.7055426,G1,T01,ost36_cartongesso_1m,1,moving
73502,1,1,1,123,106,100,100,0,23,100,100,44,37,15,10,11,4,0,0,100,100,100,57,63,100,100,4,1,1788990776.8979561,G1,T01,ost36_cartongesso_1m,1,moving
73702,1,1,1,111,109,100,100,0,21,100,100,30,16,12,7,7,9,0,0,100,100,100,58,62,100,100,4,1,1788990777.1074595,G1,T01,ost36_cartongesso_1m,1,moving
73902,1,1,1,133,121,77,100,0,18,62,77,36,25,9,10,16,11,0,0,100,100,100,61,63,100,100,4,1,1788990777.298496,G1,T01,ost36_cartongesso_1m,1,moving
74102,1,1,1,120,100,100,100,0,34,100,100,68,23,9,13,18,18,0,0,100,100,100,60,63,100,100,4,1,1788990777.5073066,G1,T01,ost36_cartongesso_1m,1,moving
74302,1,0,1,0,300,0,100,0,24,100,100,50,29,13,9,10,9,0,0,100,100,100,62,61,100,94,4,1,1788990777.7013328,G1,T01,ost36_cartongesso_1m,1,moving
74502,1,1,1,134,120,100,100,0,25,100,100,64,33,8,9,5,2,0,0,100,100,100,62,61,100,94,4,1,1788990777.8919911,G1,T01,ost36_cartongesso_1m,1,moving
74702,1,1,1,119,93,100,100,0,23,100,100,57,23,12,5,17,13,0,0,100,100,100,61,63,100,95,4,1,1788990778.103576,G1,T01,ost36_cartongesso_1m,1,moving
74902,1,1,1,96,107,100,100,0,20,100,100,28,10,12,12,22,16,0,0,100,100,100,61,62,100,94,4,1,1788990778.2938325,G1,T01,ost36_cartongesso_1m,1,moving
75102,1,1,1,124,98,100,100,0,13,100,100,58,17,24,10,6,9,0,0,100,100,100,63,61,100,95,4,1,1788990778.5037313,G1,T01,ost36_cartongesso_1m,1,moving
75302,1,1,1,113,98,100,100,0,27,100,100,32,11,22,16,12,4,0,0,100,100,100,67,63,100,95,4,1,1788990778.6968322,G1,T01,ost36_cartongesso_1m,1,moving
75502,1,1,1,102,115,100,100,0,28,100,100,21,9,10,8,2,3,0,0,100,100,100,66,67,100,97,4,1,1788990778.9042597,G1,T01,ost36_cartongesso_1m,1,moving
75702,1,1,1,123,105,100,100,0,23,100,100,31,9,10,7,12,5,0,0,100,100,100,65,68,100,95,4,1,1788990779.0959232,G1,T01,ost36_cartongesso_1m,1,moving
75902,1,1,1,110,118,100,100,0,47,100,100,38,26,11,5,4,5,0,0,100,100,100,64,67,100,95,4,1,1788990779.3065526,G1,T01,ost36_cartongesso_1m,1,moving
76102,1,1,1,93,121,100,100,0,23,100,83,41,14,6,24,29,10,0,0,100,100,100,65,70,100,90,4,1,1788990779.4988325,G1,T01,ost36_cartongesso_1m,1,moving
76302,1,1,1,134,108,100,100,0,13,77,100,35,8,7,6,5,13,0,0,100,100,100,62,70,100,88,4,1,1788990779.6930213,G1,T01,ost36_cartongesso_1m,1,moving
76502,1,1,1,90,145,100,100,0,34,100,100,65,33,7,8,6,8,0,0,100,100,100,62,70,100,87,4,1,1788990779.9009078,G1,T01,ost36_cartongesso_1m,1,moving
76702,1,1,1,115,116,100,100,0,52,100,100,52,18,11,11,7,12,0,0,100,100,100,62,70,100,86,4,1,1788990780.0928657,G1,T01,ost36_cartongesso_1m,1,moving
76902,1,1,1,137,123,100,100,0,18,100,100,48,17,11,5,6,9,0,0,100,100,100,63,72,100,85,4,1,1788990780.30105,G1,T01,ost36_cartongesso_1m,1,moving
77102,1,1,1,127,130,100,100,0,18,100,100,41,16,4,10,11,10,0,0,100,100,100,61,71,100,84,4,1,1788990780.5078309,G1,T01,ost36_cartongesso_1m,1,moving
77302,1,1,1,104,108,64,100,0,17,64,59,49,26,8,4,7,3,0,0,100,100,100,62,69,100,85,4,1,1788990780.703696,G1,T01,ost36_cartongesso_1m,1,moving
77502,1,1,1,113,130,100,100,0,30,100,100,30,9,5,10,10,6,0,0,100,100,100,66,70,100,85,3,1,1788990780.8954024,G1,T01,ost36_cartongesso_1m,1,moving
77702,1,1,1,114,113,100,100,0,36,100,100,49,23,9,10,6,5,0,0,100,100,100,67,70,100,83,3,1,1788990781.1038704,G1,T01,ost36_cartongesso_1m,1,moving
77902,1,1,1,116,97,100,100,0,28,100,100,23,21,7,5,9,6,0,0,100,100,100,64,70,100,85,3,1,1788990781.2980347,G1,T01,ost36_cartongesso_1m,1,moving
78102,1,1,1,105,122,100,100,0,62,100,100,71,39,16,12,19,11,0,0,100,100,100,66,70,100,82,4,1,1788990781.5061998,G1,T01,ost36_cartongesso_1m,1,moving
78302,1,1,1,101,105,100,100,0,56,100,100,41,23,11,5,12,19,0,0,100,100,100,63,70,100,86,4,1,1788990781.7008069,G1,T01,ost36_cartongesso_1m,1,moving
78502,1,1,1,94,96,100,100,0,26,100,100,30,16,10,7,13,9,0,0,100,100,100,65,70,100,89,4,1,1788990781.8933563,G1,T01,ost36_cartongesso_1m,1,moving
78702,1,1,1,108,114,100,100,0,44,100,100,36,33,10,2,9,2,0,0,100,100,100,65,68,100,91,4,1,1788990782.1015217,G1,T01,ost36_cartongesso_1m,1,moving
78902,1,1,1,150,100,46,100,0,22,49,46,39,10,6,8,13,14,0,0,100,100,100,64,66,100,92,4,1,1788990782.293262,G1,T01,ost36_cartongesso_1m,1,moving
79102,1,1,1,123,104,100,100,0,26,100,100,55,16,10,16,27,14,0,0,100,100,100,61,68,100,92,4,1,1788990782.5012188,G1,T01,ost36_cartongesso_1m,1,moving
79302,1,1,1,119,103,100,100,0,27,100,100,18,8,11,4,3,1,0,0,100,100,100,57,66,100,95,4,1,1788990782.6938763,G1,T01,ost36_cartongesso_1m,1,moving
79502,1,1,1,104,123,100,100,0,46,100,100,26,20,3,11,2,4,0,0,100,100,100,59,62,100,95,4,1,1788990782.9039793,G1,T01,ost36_cartongesso_1m,1,moving
79702,1,1,1,101,109,92,100,0,18,92,79,26,24,8,1,9,3,0,0,100,100,100,57,62,100,96,4,1,1788990783.095676,G1,T01,ost36_cartongesso_1m,1,moving
79902,1,1,1,110,96,100,100,0,41,100,100,33,7,20,4,10,1,0,0,100,100,100,59,63,100,96,3,1,1788990783.3061194,G1,T01,ost36_cartongesso_1m,1,moving
80102,1,1,1,111,113,100,100,0,20,100,100,28,17,6,23,28,11,0,0,100,100,100,61,62,100,97,3,1,1788990783.4986916,G1,T01,ost36_cartongesso_1m,1,moving
80302,1,1,1,104,95,100,100,0,19,100,100,24,14,6,5,17,21,0,0,100,100,100,62,60,100,97,3,1,1788990783.7064881,G1,T01,ost36_cartongesso_1m,1,moving
80502,1,1,1,121,108,100,100,0,23,100,100,42,11,3,7,6,9,0,0,100,100,100,62,61,100,100,4,1,1788990783.9014928,G1,T01,ost36_cartongesso_1m,1,moving
80702,1,1,1,95,130,100,100,0,23,100,100,54,20,6,9,2,5,0,0,100,100,100,61,60,100,100,3,1,1788990784.0935023,G1,T01,ost36_cartongesso_1m,1,moving
80902,1,1,1,116,102,100,100,0,27,100,100,57,11,4,3,13,17,0,0,100,100,100,60,57,100,100,4,1,1788990784.301456,G1,T01,ost36_cartongesso_1m,1,moving
81102,1,1,1,99,164,100,100,0,23,100,100,39,10,3,8,18,20,0,0,100,100,100,60,56,100,100,4,1,1788990784.4937623,G1,T01,ost36_cartongesso_1m,1,moving
81302,1,1,1,101,102,100,100,0,22,100,100,19,16,3,6,12,8,0,0,100,100,100,59,54,100,100,4,1,1788990784.701279,G1,T01,ost36_cartongesso_1m,1,moving
81502,1,1,1,98,106,100,100,0,33,100,100,13,17,26,11,8,7,0,0,100,100,100,57,53,100,100,4,1,1788990784.895125,G1,T01,ost36_cartongesso_1m,1,moving
81702,1,1,1,110,121,100,100,0,39,100,100,54,21,6,3,5,7,0,0,100,100,100,59,55,100,100,4,1,1788990785.1035597,G1,T01,ost36_cartongesso_1m,1,moving
81902,1,1,1,99,101,100,100,0,21,100,99,35,11,10,5,14,8,0,0,100,100,100,60,53,100,100,4,1,1788990785.2979746,G1,T01,ost36_cartongesso_1m,1,moving
