timestamp_ms,radar_presence,moving_target,stationary_target,moving_distance_cm,stationary_distance_cm,moving_energy,stationary_energy,pir_presence,pc_time_s,group_id,trial_id,scenario,ground_truth_presence,ground_truth_state
1550,1,1,0,105,0,0,0,0,1788305060.2461684,G1,T01,prova2420_5m,1,moving
1750,1,1,0,105,0,0,0,0,1788305060.2461684,G1,T01,prova2420_5m,1,moving
1950,1,1,0,105,0,0,0,0,1788305060.3101776,G1,T01,prova2420_5m,1,moving
2150,1,1,0,105,0,0,0,0,1788305060.5182714,G1,T01,prova2420_5m,1,moving
2350,1,1,0,105,0,0,0,0,1788305060.7103827,G1,T01,prova2420_5m,1,moving
2550,1,1,0,105,0,0,0,0,1788305060.9190235,G1,T01,prova2420_5m,1,moving
2750,1,1,0,105,0,0,0,0,1788305061.1107504,G1,T01,prova2420_5m,1,moving
2950,1,1,0,105,0,0,0,0,1788305061.317683,G1,T01,prova2420_5m,1,moving
3150,1,1,0,105,0,0,0,0,1788305061.5102222,G1,T01,prova2420_5m,1,moving
3350,1,1,0,105,0,0,0,0,1788305061.7193124,G1,T01,prova2420_5m,1,moving
3550,1,1,0,105,0,0,0,0,1788305061.9122536,G1,T01,prova2420_5m,1,moving
3750,1,1,0,105,0,0,0,0,1788305062.120712,G1,T01,prova2420_5m,1,moving
3950,1,1,0,105,0,0,0,0,1788305062.3118596,G1,T01,prova2420_5m,1,moving
4150,1,1,0,105,0,0,0,0,1788305062.5199573,G1,T01,prova2420_5m,1,moving
4350,1,1,0,105,0,0,0,0,1788305062.7115936,G1,T01,prova2420_5m,1,moving
4550,1,1,0,105,0,0,0,0,1788305062.9202018,G1,T01,prova2420_5m,1,moving
4750,1,1,0,105,0,0,0,0,1788305063.1116643,G1,T01,prova2420_5m,1,moving
4950,1,1,0,105,0,0,0,0,1788305063.3199594,G1,T01,prova2420_5m,1,moving
5150,1,1,0,105,0,0,0,0,1788305063.5114808,G1,T01,prova2420_5m,1,moving
5350,1,1,0,105,0,0,0,0,1788305063.7179475,G1,T01,prova2420_5m,1,moving
5550,1,1,0,105,0,0,0,0,1788305063.9112034,G1,T01,prova2420_5m,1,moving
5750,1,1,0,414,0,0,0,0,1788305064.116718,G1,T01,prova2420_5m,1,moving
5950,1,1,0,414,0,0,0,0,1788305064.30895,G1,T01,prova2420_5m,1,moving
6150,1,1,0,414,0,0,0,0,1788305064.5165162,G1,T01,prova2420_5m,1,moving
6350,1,1,0,414,0,0,0,0,1788305064.7084749,G1,T01,prova2420_5m,1,moving
6550,1,1,0,414,0,0,0,0,1788305064.916177,G1,T01,prova2420_5m,1,moving
6750,1,1,0,414,0,0,0,0,1788305065.1081505,G1,T01,prova2420_5m,1,moving
6950,1,1,0,414,0,0,0,0,1788305065.3154926,G1,T01,prova2420_5m,1,moving
7150,1,1,0,414,0,0,0,0,1788305065.5080369,G1,T01,prova2420_5m,1,moving
7350,1,1,0,414,0,0,0,0,1788305065.7161624,G1,T01,prova2420_5m,1,moving
7550,1,1,0,422,0,0,0,0,1788305065.9078782,G1,T01,prova2420_5m,1,moving
7750,1,1,0,422,0,0,0,0,1788305066.116344,G1,T01,prova2420_5m,1,moving
7950,1,1,0,422,0,0,0,0,1788305066.3081121,G1,T01,prova2420_5m,1,moving
8150,1,1,0,422,0,0,0,0,1788305066.5165799,G1,T01,prova2420_5m,1,moving
8350,1,1,0,422,0,0,0,0,1788305066.7085922,G1,T01,prova2420_5m,1,moving
8550,1,1,0,422,0,0,0,0,1788305066.916811,G1,T01,prova2420_5m,1,moving
8750,1,1,0,422,0,0,0,0,1788305067.1085687,G1,T01,prova2420_5m,1,moving
8950,1,1,0,422,0,0,0,0,1788305067.3169684,G1,T01,prova2420_5m,1,moving
9150,1,1,0,422,0,0,0,0,1788305067.5084183,G1,T01,prova2420_5m,1,moving
9350,1,1,0,422,0,0,0,0,1788305067.7162766,G1,T01,prova2420_5m,1,moving
9550,1,1,0,422,0,0,0,0,1788305067.9081428,G1,T01,prova2420_5m,1,moving
9750,1,1,0,422,0,0,0,0,1788305068.1167207,G1,T01,prova2420_5m,1,moving
9950,1,1,0,422,0,0,0,0,1788305068.3080564,G1,T01,prova2420_5m,1,moving
10150,1,1,0,422,0,0,0,0,1788305068.5141337,G1,T01,prova2420_5m,1,moving
10350,1,1,0,422,0,0,0,0,1788305068.721121,G1,T01,prova2420_5m,1,moving
10550,1,1,0,422,0,0,0,0,1788305068.9129558,G1,T01,prova2420_5m,1,moving
10750,1,1,0,422,0,0,0,0,1788305069.1214242,G1,T01,prova2420_5m,1,moving
10950,1,1,0,422,0,0,0,0,1788305069.3132296,G1,T01,prova2420_5m,1,moving
11150,1,1,0,422,0,0,0,0,1788305069.5208344,G1,T01,prova2420_5m,1,moving
11350,1,1,0,422,0,0,0,0,1788305069.7133486,G1,T01,prova2420_5m,1,moving
11550,1,1,0,422,0,0,0,0,1788305069.9058058,G1,T01,prova2420_5m,1,moving
11750,1,1,0,422,0,0,0,0,1788305070.1126065,G1,T01,prova2420_5m,1,moving
11950,1,1,0,422,0,0,0,0,1788305070.3207831,G1,T01,prova2420_5m,1,moving
12150,1,1,0,422,0,0,0,0,1788305070.512759,G1,T01,prova2420_5m,1,moving
12350,1,1,0,422,0,0,0,0,1788305070.7202103,G1,T01,prova2420_5m,1,moving
12550,1,1,0,422,0,0,0,0,1788305070.9124985,G1,T01,prova2420_5m,1,moving
12750,1,1,0,422,0,0,0,0,1788305071.1204355,G1,T01,prova2420_5m,1,moving
12950,1,1,0,422,0,0,0,0,1788305071.3124278,G1,T01,prova2420_5m,1,moving
13150,1,1,0,422,0,0,0,0,1788305071.520964,G1,T01,prova2420_5m,1,moving
13350,1,1,0,422,0,0,0,0,1788305071.7135994,G1,T01,prova2420_5m,1,moving
13550,1,1,0,422,0,0,0,0,1788305071.9074183,G1,T01,prova2420_5m,1,moving
13750,1,1,0,422,0,0,0,0,1788305072.1137354,G1,T01,prova2420_5m,1,moving
13950,1,1,0,422,0,0,0,0,1788305072.3214076,G1,T01,prova2420_5m,1,moving
14150,1,1,0,422,0,0,0,0,1788305072.5135863,G1,T01,prova2420_5m,1,moving
14350,1,1,0,422,0,0,0,0,1788305072.7060585,G1,T01,prova2420_5m,1,moving
14550,1,1,0,422,0,0,0,0,1788305072.9129684,G1,T01,prova2420_5m,1,moving
14750,1,1,0,422,0,0,0,0,1788305073.121036,G1,T01,prova2420_5m,1,moving
14950,1,1,0,422,0,0,0,0,1788305073.3109918,G1,T01,prova2420_5m,1,moving
15150,1,1,0,422,0,0,0,0,1788305073.5177233,G1,T01,prova2420_5m,1,moving
15350,1,1,0,422,0,0,0,0,1788305073.7111917,G1,T01,prova2420_5m,1,moving
15550,1,1,0,422,0,0,0,0,1788305073.918677,G1,T01,prova2420_5m,1,moving
15750,1,1,0,422,0,0,0,0,1788305074.1084933,G1,T01,prova2420_5m,1,moving
15950,1,1,0,422,0,0,0,0,1788305074.3157396,G1,T01,prova2420_5m,1,moving
16150,1,1,0,422,0,0,0,0,1788305074.5069225,G1,T01,prova2420_5m,1,moving
16350,1,1,0,422,0,0,0,0,1788305074.7148514,G1,T01,prova2420_5m,1,moving
16550,1,1,0,425,0,0,0,0,1788305074.9062326,G1,T01,prova2420_5m,1,moving
16750,1,1,0,425,0,0,0,0,1788305075.1145432,G1,T01,prova2420_5m,1,moving
16950,1,1,0,425,0,0,0,0,1788305075.3091872,G1,T01,prova2420_5m,1,moving
17150,1,1,0,425,0,0,0,0,1788305075.5171595,G1,T01,prova2420_5m,1,moving
17350,1,1,0,425,0,0,0,0,1788305075.7087986,G1,T01,prova2420_5m,1,moving
17550,1,1,0,425,0,0,0,0,1788305075.9165807,G1,T01,prova2420_5m,1,moving
17750,1,1,0,425,0,0,0,0,1788305076.1083987,G1,T01,prova2420_5m,1,moving
17950,1,1,0,425,0,0,0,0,1788305076.3165,G1,T01,prova2420_5m,1,moving
18150,1,1,0,425,0,0,0,0,1788305076.5088856,G1,T01,prova2420_5m,1,moving
18350,1,1,0,425,0,0,0,0,1788305076.7171059,G1,T01,prova2420_5m,1,moving
18550,1,1,0,425,0,0,0,0,1788305076.9090834,G1,T01,prova2420_5m,1,moving
18750,1,1,0,425,0,0,0,0,1788305077.116296,G1,T01,prova2420_5m,1,moving
18950,1,1,0,425,0,0,0,0,1788305077.321555,G1,T01,prova2420_5m,1,moving
19150,1,1,0,425,0,0,0,0,1788305077.513803,G1,T01,prova2420_5m,1,moving
19350,1,1,0,425,0,0,0,0,1788305077.7214222,G1,T01,prova2420_5m,1,moving
19550,1,1,0,425,0,0,0,0,1788305077.9123905,G1,T01,prova2420_5m,1,moving
19750,1,1,0,425,0,0,0,0,1788305078.1201532,G1,T01,prova2420_5m,1,moving
19950,1,1,0,425,0,0,0,0,1788305078.3125563,G1,T01,prova2420_5m,1,moving
20150,1,1,0,425,0,0,0,0,1788305078.5188622,G1,T01,prova2420_5m,1,moving
20350,1,1,0,425,0,0,0,0,1788305078.7137623,G1,T01,prova2420_5m,1,moving
20550,1,1,0,425,0,0,0,0,1788305078.9176233,G1,T01,prova2420_5m,1,moving
20750,1,1,0,425,0,0,0,0,1788305079.1158721,G1,T01,prova2420_5m,1,moving
20950,1,1,0,425,0,0,0,0,1788305079.3183773,G1,T01,prova2420_5m,1,moving
21150,1,1,0,425,0,0,0,0,1788305079.517569,G1,T01,prova2420_5m,1,moving
21350,1,1,0,425,0,0,0,0,1788305079.7189133,G1,T01,prova2420_5m,1,moving
21550,1,1,0,425,0,0,0,0,1788305079.9192674,G1,T01,prova2420_5m,1,moving
21750,1,1,0,423,0,0,0,0,1788305080.1194782,G1,T01,prova2420_5m,1,moving
21950,1,1,0,423,0,0,0,0,1788305080.3211436,G1,T01,prova2420_5m,1,moving
22150,1,1,0,423,0,0,0,0,1788305080.5205028,G1,T01,prova2420_5m,1,moving
22350,1,1,0,423,0,0,0,0,1788305080.7079272,G1,T01,prova2420_5m,1,moving
22550,1,1,0,423,0,0,0,0,1788305080.9155061,G1,T01,prova2420_5m,1,moving
22750,1,1,0,423,0,0,0,0,1788305081.1216512,G1,T01,prova2420_5m,1,moving
22950,1,1,0,423,0,0,0,0,1788305081.3138833,G1,T01,prova2420_5m,1,moving
23150,1,1,0,423,0,0,0,0,1788305081.5060105,G1,T01,prova2420_5m,1,moving
23350,1,1,0,423,0,0,0,0,1788305081.7139642,G1,T01,prova2420_5m,1,moving
23550,1,1,0,423,0,0,0,0,1788305081.9207494,G1,T01,prova2420_5m,1,moving
23750,1,1,0,423,0,0,0,0,1788305082.1130614,G1,T01,prova2420_5m,1,moving
23950,1,1,0,423,0,0,0,0,1788305082.3212423,G1,T01,prova2420_5m,1,moving
24150,1,1,0,423,0,0,0,0,1788305082.5129578,G1,T01,prova2420_5m,1,moving
24350,1,1,0,423,0,0,0,0,1788305082.7200146,G1,T01,prova2420_5m,1,moving
24550,1,1,0,423,0,0,0,0,1788305082.9124386,G1,T01,prova2420_5m,1,moving
24750,1,1,0,423,0,0,0,0,1788305083.1189132,G1,T01,prova2420_5m,1,moving
24950,1,1,0,423,0,0,0,1,1788305083.310483,G1,T01,prova2420_5m,1,moving
25150,1,1,0,423,0,0,0,0,1788305083.5180805,G1,T01,prova2420_5m,1,moving
25350,1,1,0,423,0,0,0,0,1788305083.7103415,G1,T01,prova2420_5m,1,moving
25550,1,1,0,423,0,0,0,0,1788305083.9184792,G1,T01,prova2420_5m,1,moving
25750,1,1,0,423,0,0,0,0,1788305084.1105793,G1,T01,prova2420_5m,1,moving
25950,1,1,0,423,0,0,0,0,1788305084.319236,G1,T01,prova2420_5m,1,moving
26150,1,1,0,423,0,0,0,0,1788305084.5108702,G1,T01,prova2420_5m,1,moving
26350,1,1,0,423,0,0,0,0,1788305084.7182503,G1,T01,prova2420_5m,1,moving
26550,1,1,0,423,0,0,0,0,1788305084.9095852,G1,T01,prova2420_5m,1,moving
26750,1,1,0,423,0,0,0,0,1788305085.118203,G1,T01,prova2420_5m,1,moving
26950,1,1,0,423,0,0,0,0,1788305085.3108625,G1,T01,prova2420_5m,1,moving
27150,1,1,0,423,0,0,0,0,1788305085.5187438,G1,T01,prova2420_5m,1,moving
27350,1,1,0,423,0,0,0,0,1788305085.7118943,G1,T01,prova2420_5m,1,moving
27550,1,1,0,423,0,0,0,0,1788305085.9196723,G1,T01,prova2420_5m,1,moving
27750,1,1,0,423,0,0,0,0,1788305086.1115644,G1,T01,prova2420_5m,1,moving
27950,1,1,0,423,0,0,0,0,1788305086.3175228,G1,T01,prova2420_5m,1,moving
28150,1,1,0,423,0,0,0,0,1788305086.5094707,G1,T01,prova2420_5m,1,moving
28350,1,1,0,423,0,0,0,0,1788305086.7169454,G1,T01,prova2420_5m,1,moving
28550,1,1,0,423,0,0,0,0,1788305086.9086382,G1,T01,prova2420_5m,1,moving
28750,1,1,0,423,0,0,0,0,1788305087.1157446,G1,T01,prova2420_5m,1,moving
28950,1,1,0,423,0,0,0,0,1788305087.3093457,G1,T01,prova2420_5m,1,moving
29150,1,1,0,423,0,0,0,0,1788305087.5181203,G1,T01,prova2420_5m,1,moving
29350,1,1,0,423,0,0,0,0,1788305087.7089589,G1,T01,prova2420_5m,1,moving
29550,1,1,0,423,0,0,0,0,1788305087.9166164,G1,T01,prova2420_5m,1,moving
29750,1,1,0,423,0,0,0,0,1788305088.1078067,G1,T01,prova2420_5m,1,moving
29950,1,1,0,423,0,0,0,0,1788305088.3158686,G1,T01,prova2420_5m,1,moving
30150,1,1,0,423,0,0,0,0,1788305088.507807,G1,T01,prova2420_5m,1,moving
30350,1,1,0,423,0,0,0,0,1788305088.7134876,G1,T01,prova2420_5m,1,moving
30550,1,1,0,423,0,0,0,0,1788305088.921487,G1,T01,prova2420_5m,1,moving
30750,1,1,0,423,0,0,0,0,1788305089.1133015,G1,T01,prova2420_5m,1,moving
30950,1,1,0,423,0,0,0,0,1788305089.3073757,G1,T01,prova2420_5m,1,moving
31150,1,1,0,423,0,0,0,0,1788305089.5137126,G1,T01,prova2420_5m,1,moving
31350,1,1,0,423,0,0,0,0,1788305089.7217453,G1,T01,prova2420_5m,1,moving
31550,1,1,0,423,0,0,0,0,1788305089.913667,G1,T01,prova2420_5m,1,moving
31750,1,1,0,423,0,0,0,0,1788305090.121464,G1,T01,prova2420_5m,1,moving
31950,1,1,0,423,0,0,0,0,1788305090.3127637,G1,T01,prova2420_5m,1,moving
32150,1,1,0,423,0,0,0,0,1788305090.5206313,G1,T01,prova2420_5m,1,moving
32350,1,1,0,423,0,0,0,0,1788305090.712413,G1,T01,prova2420_5m,1,moving
32550,1,1,0,423,0,0,0,0,1788305090.920351,G1,T01,prova2420_5m,1,moving
32750,1,1,0,423,0,0,0,0,1788305091.1115377,G1,T01,prova2420_5m,1,moving
32950,1,1,0,423,0,0,0,0,1788305091.320512,G1,T01,prova2420_5m,1,moving
33150,1,1,0,423,0,0,0,0,1788305091.5123732,G1,T01,prova2420_5m,1,moving
33350,1,1,0,423,0,0,0,0,1788305091.7204037,G1,T01,prova2420_5m,1,moving
33550,1,1,0,423,0,0,0,0,1788305091.9192126,G1,T01,prova2420_5m,1,moving
33750,1,1,0,423,0,0,0,0,1788305092.121236,G1,T01,prova2420_5m,1,moving
33950,1,1,0,423,0,0,0,0,1788305092.3117828,G1,T01,prova2420_5m,1,moving
34150,1,1,0,423,0,0,0,0,1788305092.5199323,G1,T01,prova2420_5m,1,moving
34350,1,1,0,423,0,0,0,0,1788305092.7118087,G1,T01,prova2420_5m,1,moving
34550,1,1,0,423,0,0,0,0,1788305092.91966,G1,T01,prova2420_5m,1,moving
34750,1,1,0,423,0,0,0,0,1788305093.1110177,G1,T01,prova2420_5m,1,moving
34950,1,1,0,423,0,0,0,0,1788305093.3200057,G1,T01,prova2420_5m,1,moving
35150,1,1,0,423,0,0,0,0,1788305093.5108073,G1,T01,prova2420_5m,1,moving
35350,1,1,0,423,0,0,0,0,1788305093.7185516,G1,T01,prova2420_5m,1,moving
35550,1,1,0,423,0,0,0,0,1788305093.9104588,G1,T01,prova2420_5m,1,moving
35750,1,1,0,423,0,0,0,0,1788305094.1176348,G1,T01,prova2420_5m,1,moving
35950,1,1,0,423,0,0,0,0,1788305094.3099852,G1,T01,prova2420_5m,1,moving
36150,1,1,0,423,0,0,0,0,1788305094.5166912,G1,T01,prova2420_5m,1,moving
36350,1,1,0,423,0,0,0,0,1788305094.7092106,G1,T01,prova2420_5m,1,moving
36550,1,1,0,423,0,0,0,0,1788305094.9154665,G1,T01,prova2420_5m,1,moving
36750,1,1,0,423,0,0,0,0,1788305095.107858,G1,T01,prova2420_5m,1,moving
36950,1,1,0,423,0,0,0,0,1788305095.3153641,G1,T01,prova2420_5m,1,moving
37150,1,1,0,423,0,0,0,0,1788305095.5071762,G1,T01,prova2420_5m,1,moving
37350,1,1,0,423,0,0,0,0,1788305095.715058,G1,T01,prova2420_5m,1,moving
37550,1,1,0,423,0,0,0,0,1788305095.9067616,G1,T01,prova2420_5m,1,moving
37750,1,1,0,423,0,0,0,0,1788305096.1143332,G1,T01,prova2420_5m,1,moving
37950,1,1,0,423,0,0,0,0,1788305096.3221421,G1,T01,prova2420_5m,1,moving
38150,1,1,0,423,0,0,0,0,1788305096.5137062,G1,T01,prova2420_5m,1,moving
38350,1,1,0,423,0,0,0,0,1788305096.7215695,G1,T01,prova2420_5m,1,moving
38550,1,1,0,423,0,0,0,0,1788305096.9134934,G1,T01,prova2420_5m,1,moving
38750,1,1,0,423,0,0,0,0,1788305097.1223404,G1,T01,prova2420_5m,1,moving
38950,1,1,0,423,0,0,0,0,1788305097.3142061,G1,T01,prova2420_5m,1,moving
39150,1,1,0,423,0,0,0,0,1788305097.5068069,G1,T01,prova2420_5m,1,moving
39350,1,1,0,423,0,0,0,0,1788305097.714566,G1,T01,prova2420_5m,1,moving
39550,1,1,0,423,0,0,0,0,1788305097.9068878,G1,T01,prova2420_5m,1,moving
39750,1,1,0,423,0,0,0,0,1788305098.114566,G1,T01,prova2420_5m,1,moving
39950,1,1,0,423,0,0,0,0,1788305098.3220413,G1,T01,prova2420_5m,1,moving
40150,1,1,0,423,0,0,0,0,1788305098.512926,G1,T01,prova2420_5m,1,moving
40350,1,1,0,423,0,0,0,0,1788305098.7215586,G1,T01,prova2420_5m,1,moving
40550,1,1,0,423,0,0,0,0,1788305098.9136362,G1,T01,prova2420_5m,1,moving
40750,1,1,0,423,0,0,0,0,1788305099.122068,G1,T01,prova2420_5m,1,moving
40950,1,1,0,423,0,0,0,0,1788305099.3136127,G1,T01,prova2420_5m,1,moving
41150,1,1,0,423,0,0,0,0,1788305099.521569,G1,T01,prova2420_5m,1,moving
41350,1,1,0,423,0,0,0,0,1788305099.713523,G1,T01,prova2420_5m,1,moving
41550,1,1,0,423,0,0,0,0,1788305099.9216893,G1,T01,prova2420_5m,1,moving
41750,1,1,0,423,0,0,0,0,1788305100.119571,G1,T01,prova2420_5m,1,moving
41950,1,1,0,423,0,0,0,0,1788305100.311247,G1,T01,prova2420_5m,1,moving
42150,1,1,0,423,0,0,0,0,1788305100.5194829,G1,T01,prova2420_5m,1,moving
42350,1,1,0,423,0,0,0,0,1788305100.71185,G1,T01,prova2420_5m,1,moving
42550,1,1,0,423,0,0,0,0,1788305100.9206707,G1,T01,prova2420_5m,1,moving
42750,1,1,0,423,0,0,0,0,1788305101.1126912,G1,T01,prova2420_5m,1,moving
42950,1,1,0,423,0,0,0,0,1788305101.3200238,G1,T01,prova2420_5m,1,moving
43150,1,1,0,423,0,0,0,0,1788305101.511114,G1,T01,prova2420_5m,1,moving
43350,1,1,0,1,0,0,0,0,1788305101.7190304,G1,T01,prova2420_5m,1,moving
43550,1,1,0,1,0,0,0,0,1788305101.9122207,G1,T01,prova2420_5m,1,moving
43750,1,1,0,1,0,0,0,0,1788305102.1186595,G1,T01,prova2420_5m,1,moving
43950,1,1,0,1,0,0,0,0,1788305102.3105743,G1,T01,prova2420_5m,1,moving
44150,1,1,0,1,0,0,0,0,1788305102.5178738,G1,T01,prova2420_5m,1,moving
44350,1,1,0,1,0,0,0,0,1788305102.7095132,G1,T01,prova2420_5m,1,moving
44550,1,1,0,1,0,0,0,0,1788305102.9166021,G1,T01,prova2420_5m,1,moving
44750,1,1,0,1,0,0,0,0,1788305103.111249,G1,T01,prova2420_5m,1,moving
44950,1,1,0,1,0,0,0,0,1788305103.3156116,G1,T01,prova2420_5m,1,moving
45150,1,1,0,1,0,0,0,0,1788305103.507996,G1,T01,prova2420_5m,1,moving
45350,1,1,0,1,0,0,0,0,1788305103.7160282,G1,T01,prova2420_5m,1,moving
45550,1,1,0,1,0,0,0,0,1788305103.908076,G1,T01,prova2420_5m,1,moving
45750,1,1,0,1,0,0,0,0,1788305104.1165102,G1,T01,prova2420_5m,1,moving
45950,1,1,0,1,0,0,0,0,1788305104.3089187,G1,T01,prova2420_5m,1,moving
46150,1,1,0,1,0,0,0,0,1788305104.517654,G1,T01,prova2420_5m,1,moving
46350,1,1,0,1,0,0,0,0,1788305104.7097216,G1,T01,prova2420_5m,1,moving
46550,1,1,0,1,0,0,0,0,1788305104.9172757,G1,T01,prova2420_5m,1,moving
46750,1,1,0,1,0,0,0,0,1788305105.1138756,G1,T01,prova2420_5m,1,moving
46950,1,1,0,1,0,0,0,0,1788305105.3175337,G1,T01,prova2420_5m,1,moving
47150,1,1,0,1,0,0,0,0,1788305105.5096073,G1,T01,prova2420_5m,1,moving
47350,1,1,0,1,0,0,0,0,1788305105.717845,G1,T01,prova2420_5m,1,moving
47550,1,1,0,1,0,0,0,0,1788305105.910246,G1,T01,prova2420_5m,1,moving
47750,1,1,0,1,0,0,0,0,1788305106.1185007,G1,T01,prova2420_5m,1,moving
47950,1,1,0,1,0,0,0,0,1788305106.3104825,G1,T01,prova2420_5m,1,moving
48150,1,1,0,1,0,0,0,0,1788305106.5186973,G1,T01,prova2420_5m,1,moving
48350,1,1,0,1,0,0,0,0,1788305106.7108,G1,T01,prova2420_5m,1,moving
48550,1,1,0,1,0,0,0,0,1788305106.9188392,G1,T01,prova2420_5m,1,moving
48750,1,1,0,1,0,0,0,0,1788305107.1157398,G1,T01,prova2420_5m,1,moving
48950,1,1,0,1,0,0,0,0,1788305107.3195734,G1,T01,prova2420_5m,1,moving
49150,1,1,0,1,0,0,0,0,1788305107.5109038,G1,T01,prova2420_5m,1,moving
49350,1,1,0,1,0,0,0,0,1788305107.719392,G1,T01,prova2420_5m,1,moving
49550,1,1,0,1,0,0,0,0,1788305107.9113917,G1,T01,prova2420_5m,1,moving
49750,1,1,0,1,0,0,0,0,1788305108.1204,G1,T01,prova2420_5m,1,moving
49950,1,1,0,1,0,0,0,0,1788305108.3106117,G1,T01,prova2420_5m,1,moving
50150,1,1,0,1,0,0,0,0,1788305108.5178628,G1,T01,prova2420_5m,1,moving
50350,1,1,0,1,0,0,0,0,1788305108.7095885,G1,T01,prova2420_5m,1,moving
50550,1,1,0,1,0,0,0,0,1788305108.9163494,G1,T01,prova2420_5m,1,moving
50750,1,1,0,1,0,0,0,0,1788305109.1167634,G1,T01,prova2420_5m,1,moving
50950,1,1,0,1,0,0,0,0,1788305109.317606,G1,T01,prova2420_5m,1,moving
51150,1,1,0,1,0,0,0,0,1788305109.5083215,G1,T01,prova2420_5m,1,moving
51350,1,1,0,1,0,0,0,0,1788305109.717497,G1,T01,prova2420_5m,1,moving
51550,1,1,0,1,0,0,0,0,1788305109.9087114,G1,T01,prova2420_5m,1,moving
51750,1,1,0,1,0,0,0,0,1788305110.1213994,G1,T01,prova2420_5m,1,moving
51950,1,1,0,1,0,0,0,0,1788305110.322277,G1,T01,prova2420_5m,1,moving
52150,1,1,0,1,0,0,0,0,1788305110.5140464,G1,T01,prova2420_5m,1,moving
52350,1,1,0,1,0,0,0,0,1788305110.7221804,G1,T01,prova2420_5m,1,moving
52550,1,1,0,1,0,0,0,0,1788305110.9132295,G1,T01,prova2420_5m,1,moving
52750,1,1,0,1,0,0,0,0,1788305111.1210854,G1,T01,prova2420_5m,1,moving
52950,1,1,0,1,0,0,0,0,1788305111.314394,G1,T01,prova2420_5m,1,moving
53150,1,1,0,1,0,0,0,0,1788305111.5214167,G1,T01,prova2420_5m,1,moving
53350,1,1,0,1,0,0,0,0,1788305111.7133975,G1,T01,prova2420_5m,1,moving
53550,1,1,0,1,0,0,0,0,1788305111.9222302,G1,T01,prova2420_5m,1,moving
53750,1,1,0,1,0,0,0,0,1788305112.118506,G1,T01,prova2420_5m,1,moving
53950,1,1,0,1,0,0,0,0,1788305112.310271,G1,T01,prova2420_5m,1,moving
54150,1,1,0,1,0,0,0,0,1788305112.5147264,G1,T01,prova2420_5m,1,moving
54350,1,1,0,1,0,0,0,0,1788305112.7221982,G1,T01,prova2420_5m,1,moving
54550,1,1,0,1,0,0,0,0,1788305112.9140549,G1,T01,prova2420_5m,1,moving
54750,1,1,0,1,0,0,0,0,1788305113.1218936,G1,T01,prova2420_5m,1,moving
54950,1,1,0,1,0,0,0,0,1788305113.3133872,G1,T01,prova2420_5m,1,moving
55150,1,1,0,1,0,0,0,0,1788305113.521698,G1,T01,prova2420_5m,1,moving
55350,1,1,0,1,0,0,0,0,1788305113.7131317,G1,T01,prova2420_5m,1,moving
55550,1,1,0,1,0,0,0,0,1788305113.9197757,G1,T01,prova2420_5m,1,moving
55750,1,1,0,1,0,0,0,0,1788305114.120899,G1,T01,prova2420_5m,1,moving
55950,1,1,0,1,0,0,0,0,1788305114.3177538,G1,T01,prova2420_5m,1,moving
56150,1,1,0,1,0,0,0,0,1788305114.5098612,G1,T01,prova2420_5m,1,moving
56350,1,1,0,1,0,0,0,0,1788305114.7174034,G1,T01,prova2420_5m,1,moving
56550,1,1,0,1,0,0,0,0,1788305114.9137857,G1,T01,prova2420_5m,1,moving
56750,1,1,0,1,0,0,0,0,1788305115.1216686,G1,T01,prova2420_5m,1,moving
56950,1,1,0,1,0,0,0,0,1788305115.3125055,G1,T01,prova2420_5m,1,moving
57150,1,1,0,1,0,0,0,0,1788305115.517417,G1,T01,prova2420_5m,1,moving
57350,1,1,0,1,0,0,0,0,1788305115.7095287,G1,T01,prova2420_5m,1,moving
57550,1,1,0,1,0,0,0,0,1788305115.9173033,G1,T01,prova2420_5m,1,moving
57750,1,1,0,1,0,0,0,0,1788305116.1082063,G1,T01,prova2420_5m,1,moving
57950,1,1,0,1,0,0,0,0,1788305116.3172972,G1,T01,prova2420_5m,1,moving
58150,1,1,0,1,0,0,0,0,1788305116.5098326,G1,T01,prova2420_5m,1,moving
58350,1,1,0,1,0,0,0,0,1788305116.7162378,G1,T01,prova2420_5m,1,moving
58550,1,1,0,1,0,0,0,0,1788305116.9140236,G1,T01,prova2420_5m,1,moving
58750,1,1,0,1,0,0,0,0,1788305117.1178904,G1,T01,prova2420_5m,1,moving
58950,1,1,0,1,0,0,0,0,1788305117.3156443,G1,T01,prova2420_5m,1,moving
59150,1,1,0,1,0,0,0,0,1788305117.5188496,G1,T01,prova2420_5m,1,moving
59350,1,1,0,1,0,0,0,0,1788305117.7167387,G1,T01,prova2420_5m,1,moving
59550,1,1,0,1,0,0,0,0,1788305117.9175384,G1,T01,prova2420_5m,1,moving
59750,1,1,0,1,0,0,0,0,1788305118.1179254,G1,T01,prova2420_5m,1,moving
59950,1,1,0,1,0,0,0,0,1788305118.3180022,G1,T01,prova2420_5m,1,moving
60150,1,1,0,1,0,0,0,0,1788305118.519103,G1,T01,prova2420_5m,1,moving
60350,1,1,0,1,0,0,0,0,1788305118.7194166,G1,T01,prova2420_5m,1,moving
60550,1,1,0,1,0,0,0,0,1788305118.9195282,G1,T01,prova2420_5m,1,moving
60750,1,1,0,1,0,0,0,0,1788305119.120126,G1,T01,prova2420_5m,1,moving
60950,1,1,0,1,0,0,0,0,1788305119.3213253,G1,T01,prova2420_5m,1,moving
61150,1,1,0,1,0,0,0,0,1788305119.5224674,G1,T01,prova2420_5m,1,moving
61350,1,1,0,1,0,0,0,0,1788305119.7221522,G1,T01,prova2420_5m,1,moving
61550,1,1,0,1,0,0,0,0,1788305119.9181395,G1,T01,prova2420_5m,1,moving
61750,1,1,0,1,0,0,0,0,1788305120.1102145,G1,T01,prova2420_5m,1,moving
61950,1,1,0,1,0,0,0,0,1788305120.3204358,G1,T01,prova2420_5m,1,moving
