timestamp_ms,radar_presence,moving_target,stationary_target,moving_distance_cm,stationary_distance_cm,moving_energy,stationary_energy,pir_presence,energy2420_gate0,energy2420_gate1,energy2420_gate2,energy2420_gate3,energy2420_gate4,energy2420_gate5,energy2420_gate6,energy2420_gate7,energy2420_gate8,energy2420_gate9,energy2420_gate10,energy2420_gate11,energy2420_gate12,energy2420_gate13,energy2420_gate14,energy2420_gate15,frames_ok,dist_raw_cm,pc_time_s,group_id,trial_id,scenario,ground_truth_presence,ground_truth_state
1937,1,1,0,132,0,0,0,-1,170,49,29,10,5,5,13,10,5,25,8,25,13,41,29,41,1,132,1788811733.5905907,G1,T01,ingresso2420,1,moving
2137,1,1,0,132,0,0,0,-1,106,29,41,8,5,5,5,13,8,9,5,25,13,34,34,50,1,132,1788811733.7871063,G1,T01,ingresso2420,1,moving
2337,1,1,0,132,0,0,0,-1,68,25,29,10,5,8,5,8,5,13,5,25,13,41,34,50,1,132,1788811733.987434,G1,T01,ingresso2420,1,moving
2537,1,1,0,132,0,0,0,-1,117,13,32,9,5,9,10,8,8,20,8,32,18,41,25,50,1,132,1788811734.1878645,G1,T01,ingresso2420,1,moving
2737,1,1,0,132,0,0,0,-1,170,29,25,10,8,10,5,13,5,20,8,25,18,34,25,41,1,132,1788811734.3872933,G1,T01,ingresso2420,1,moving
2937,1,1,0,132,0,0,0,-1,81,20,18,9,5,4,5,5,5,20,5,25,18,41,34,50,1,132,1788811734.5868866,G1,T01,ingresso2420,1,moving
3137,1,1,0,132,0,0,0,-1,65,34,16,10,10,5,8,10,8,13,8,25,18,41,41,50,1,132,1788811734.787858,G1,T01,ingresso2420,1,moving
3337,1,1,0,132,0,0,0,-1,100,25,34,13,9,8,10,8,5,9,8,25,18,45,34,50,1,132,1788811734.987423,G1,T01,ingresso2420,1,moving
3537,1,1,0,132,0,0,0,-1,73,34,18,5,13,5,8,5,5,18,8,25,13,34,25,41,1,132,1788811735.1874523,G1,T01,ingresso2420,1,moving
3737,1,1,0,132,0,0,0,-1,97,53,20,10,8,5,5,13,10,20,8,32,25,45,25,41,1,132,1788811735.3870943,G1,T01,ingresso2420,1,moving
3937,1,1,0,132,0,0,0,-1,173,40,20,10,5,10,5,10,5,17,8,20,20,32,20,41,1,132,1788811735.587443,G1,T01,ingresso2420,1,moving
4137,1,1,0,132,0,0,0,-1,97,40,20,10,9,5,8,13,5,20,8,20,18,41,29,32,1,132,1788811735.7871318,G1,T01,ingresso2420,1,moving
4337,1,1,0,132,0,0,0,-1,41,25,25,10,5,5,8,8,5,20,8,25,18,41,25,32,1,132,1788811735.9877877,G1,T01,ingresso2420,1,moving
4537,1,1,0,132,0,0,0,-1,50,29,25,9,5,5,5,17,8,20,8,18,18,34,25,41,1,132,1788811736.1878395,G1,T01,ingresso2420,1,moving
4737,1,1,0,132,0,0,0,-1,269,73,10,13,5,9,5,13,5,20,8,32,25,34,41,61,1,132,1788811736.3871775,G1,T01,ingresso2420,1,moving
4937,1,1,0,132,0,0,0,-1,169,37,10,20,10,9,13,5,13,20,13,32,18,34,29,50,1,132,1788811736.5874383,G1,T01,ingresso2420,1,moving
5137,1,1,0,132,0,0,0,-1,49,26,5,10,5,9,5,5,8,20,8,32,25,45,41,50,1,132,1788811736.7875586,G1,T01,ingresso2420,1,moving
5337,1,1,0,132,0,0,0,-1,130,37,13,5,13,8,5,10,8,20,13,25,25,34,45,50,1,132,1788811736.9882102,G1,T01,ingresso2420,1,moving
5537,1,1,0,132,0,0,0,-1,72,26,10,10,10,5,5,5,5,25,13,25,25,34,25,41,1,132,1788811737.1878166,G1,T01,ingresso2420,1,moving
5737,1,1,0,132,0,0,0,-1,90,25,13,10,10,9,5,5,9,25,8,25,25,41,25,41,1,132,1788811737.3870807,G1,T01,ingresso2420,1,moving
5937,1,1,0,132,0,0,0,-1,98,41,5,10,9,8,5,5,8,25,8,32,25,41,34,61,1,132,1788811737.5873787,G1,T01,ingresso2420,1,moving
6137,1,1,0,132,0,0,0,-1,125,41,9,9,9,8,5,10,10,25,8,41,25,52,34,50,1,132,1788811737.787646,G1,T01,ingresso2420,1,moving
6337,1,1,0,132,0,0,0,-1,45,20,13,8,8,5,5,5,5,25,8,25,25,41,34,50,1,132,1788811737.9878333,G1,T01,ingresso2420,1,moving
6537,1,1,0,132,0,0,0,-1,34,26,5,10,10,10,8,8,5,13,8,25,25,34,34,50,1,132,1788811738.1879709,G1,T01,ingresso2420,1,moving
6737,1,1,0,132,0,0,0,-1,65,20,10,10,8,5,4,9,5,13,13,32,18,34,34,41,1,132,1788811738.3871753,G1,T01,ingresso2420,1,moving
6937,1,1,0,132,0,0,0,-1,89,50,10,10,5,10,5,13,10,18,13,25,18,34,34,50,1,132,1788811738.5881097,G1,T01,ingresso2420,1,moving
7137,1,1,0,132,0,0,0,-1,65,26,10,10,5,5,5,10,8,32,8,18,18,45,25,50,1,132,1788811738.7879784,G1,T01,ingresso2420,1,moving
7337,1,1,0,132,0,0,0,-1,104,20,5,13,5,5,8,8,8,20,8,25,18,34,25,50,1,132,1788811738.9872637,G1,T01,ingresso2420,1,moving
7537,1,1,0,132,0,0,0,-1,68,64,5,5,5,5,5,8,5,25,13,32,18,41,40,50,1,132,1788811739.1878142,G1,T01,ingresso2420,1,moving
7737,1,1,0,132,0,0,0,-1,90,26,10,16,10,5,8,5,9,25,13,25,18,41,25,50,1,132,1788811739.3880405,G1,T01,ingresso2420,1,moving
7937,1,1,0,132,0,0,0,-1,116,65,10,8,8,5,5,5,8,20,8,25,18,41,34,41,1,132,1788811739.5882852,G1,T01,ingresso2420,1,moving
8137,1,1,0,132,0,0,0,-1,113,89,10,10,8,9,5,5,5,13,8,25,25,41,34,41,1,132,1788811739.78738,G1,T01,ingresso2420,1,moving
8337,1,1,0,132,0,0,0,-1,106,52,5,5,9,5,5,8,5,16,8,25,18,29,32,52,1,132,1788811739.9872973,G1,T01,ingresso2420,1,moving
8537,1,1,0,132,0,0,0,-1,25,10,5,9,8,8,9,8,5,20,8,25,18,52,32,41,1,132,1788811740.1870272,G1,T01,ingresso2420,1,moving
8737,1,1,0,132,0,0,0,-1,73,34,10,5,5,8,5,8,10,20,13,25,13,25,25,50,1,132,1788811740.387579,G1,T01,ingresso2420,1,moving
8937,1,1,0,132,0,0,0,-1,61,13,8,10,10,8,5,5,4,25,8,25,18,41,34,50,1,132,1788811740.5876894,G1,T01,ingresso2420,1,moving
9137,1,1,0,132,0,0,0,-1,73,41,5,10,8,5,8,18,5,25,8,25,18,41,20,50,1,132,1788811740.7872689,G1,T01,ingresso2420,1,moving
9337,1,1,0,132,0,0,0,-1,26,16,10,10,8,5,5,10,5,18,8,32,18,41,20,50,1,132,1788811740.9880314,G1,T01,ingresso2420,1,moving
9537,1,1,0,132,0,0,0,-1,100,50,13,8,10,10,9,13,8,13,13,25,18,34,20,50,1,132,1788811741.188233,G1,T01,ingresso2420,1,moving
9737,1,1,0,132,0,0,0,-1,97,18,8,13,8,5,5,8,5,13,8,18,18,34,20,50,1,132,1788811741.388039,G1,T01,ingresso2420,1,moving
9937,1,1,0,132,0,0,0,-1,113,34,5,10,8,8,5,5,10,17,8,18,13,45,25,50,1,132,1788811741.5875468,G1,T01,ingresso2420,1,moving
10137,1,1,0,132,0,0,0,-1,73,20,10,10,5,5,5,5,5,18,13,32,18,34,18,41,1,132,1788811741.7880743,G1,T01,ingresso2420,1,moving
10337,1,1,0,132,0,0,0,-1,122,82,5,16,4,5,8,9,5,13,8,25,18,41,25,41,1,132,1788811741.9877446,G1,T01,ingresso2420,1,moving
10537,1,1,0,132,0,0,0,-1,74,20,5,10,8,5,8,13,5,18,8,25,25,40,25,50,1,132,1788811742.1880882,G1,T01,ingresso2420,1,moving
10737,1,1,0,132,0,0,0,-1,212,61,17,10,5,5,5,13,5,25,8,25,18,34,25,41,1,132,1788811742.3876595,G1,T01,ingresso2420,1,moving
10937,1,1,0,132,0,0,0,-1,116,29,13,8,8,4,5,10,8,25,8,32,25,41,34,50,1,132,1788811742.587926,G1,T01,ingresso2420,1,moving
11137,1,1,0,132,0,0,0,-1,68,17,10,8,8,5,5,8,5,29,13,25,18,41,29,50,1,132,1788811742.7881691,G1,T01,ingresso2420,1,moving
11337,1,1,0,132,0,0,0,-1,52,13,5,17,5,5,10,13,5,25,18,25,25,34,29,41,1,132,1788811742.987989,G1,T01,ingresso2420,1,moving
11537,1,1,0,132,0,0,0,-1,25,10,5,10,5,5,10,13,5,20,13,25,18,45,34,50,1,132,1788811743.1879544,G1,T01,ingresso2420,1,moving
11737,1,1,0,132,0,0,0,-1,80,18,5,10,5,5,8,10,5,9,8,25,18,34,25,41,1,132,1788811743.3881557,G1,T01,ingresso2420,1,moving
11937,1,1,0,132,0,0,0,-1,128,29,5,9,5,5,5,8,5,20,13,25,18,34,25,41,1,132,1788811743.5881472,G1,T01,ingresso2420,1,moving
12137,1,1,0,132,0,0,0,-1,32,20,8,9,8,5,10,13,5,20,13,25,13,25,20,41,1,132,1788811743.7880003,G1,T01,ingresso2420,1,moving
12337,1,1,0,132,0,0,0,-1,164,41,8,5,10,13,8,13,8,13,8,25,25,25,29,32,1,132,1788811743.9885833,G1,T01,ingresso2420,1,moving
12537,1,1,0,132,0,0,0,-1,53,52,10,5,5,9,5,8,5,9,8,32,25,34,29,41,1,132,1788811744.1877484,G1,T01,ingresso2420,1,moving
12737,1,1,0,132,0,0,0,-1,36,13,10,9,13,10,9,8,8,13,8,32,25,41,29,41,1,132,1788811744.3882859,G1,T01,ingresso2420,1,moving
12937,1,1,0,132,0,0,0,-1,106,37,9,5,5,8,5,10,13,13,10,32,25,41,29,61,1,132,1788811744.5877337,G1,T01,ingresso2420,1,moving
13137,1,1,0,132,0,0,0,-1,68,52,16,13,10,8,5,13,9,13,5,25,18,41,29,50,1,132,1788811744.7871878,G1,T01,ingresso2420,1,moving
13337,1,1,0,132,0,0,0,-1,160,34,8,8,8,9,5,9,5,20,5,32,18,52,34,61,1,132,1788811744.9879026,G1,T01,ingresso2420,1,moving
13537,1,1,0,132,0,0,0,-1,89,32,10,8,5,10,9,5,5,20,8,32,34,52,29,50,1,132,1788811745.188201,G1,T01,ingresso2420,1,moving
13737,1,1,0,132,0,0,0,-1,41,20,8,8,18,10,5,5,5,13,8,32,25,41,29,41,1,132,1788811745.3878708,G1,T01,ingresso2420,1,moving
13937,1,1,0,132,0,0,0,-1,169,65,13,5,8,5,10,8,5,29,13,32,25,41,29,41,1,132,1788811745.5876255,G1,T01,ingresso2420,1,moving
14137,1,1,0,132,0,0,0,-1,117,20,10,8,10,8,5,13,5,20,13,25,25,41,29,41,1,132,1788811745.7877696,G1,T01,ingresso2420,1,moving
14337,1,1,0,132,0,0,0,-1,65,85,5,5,5,5,5,8,5,25,8,25,18,41,34,52,1,132,1788811745.9875023,G1,T01,ingresso2420,1,moving
14537,1,1,0,132,0,0,0,-1,50,18,8,10,5,17,8,10,4,17,13,25,18,41,34,50,1,132,1788811746.1882973,G1,T01,ingresso2420,1,moving
14737,1,1,0,132,0,0,0,-1,157,101,8,10,5,5,5,13,5,17,13,32,18,34,29,50,1,132,1788811746.3885667,G1,T01,ingresso2420,1,moving
14937,1,1,0,132,0,0,0,-1,113,40,16,9,5,5,8,8,5,13,13,32,25,41,29,41,1,132,1788811746.5884352,G1,T01,ingresso2420,1,moving
15137,1,1,0,132,0,0,0,-1,101,26,13,10,5,8,13,8,5,16,13,32,25,41,29,50,1,132,1788811746.788323,G1,T01,ingresso2420,1,moving
15337,1,1,0,132,0,0,0,-1,181,58,17,10,5,5,8,8,5,25,13,32,18,34,25,41,1,132,1788811746.988066,G1,T01,ingresso2420,1,moving
15537,1,1,0,132,0,0,0,-1,29,13,20,5,5,9,5,13,5,16,8,25,18,34,25,50,1,132,1788811747.1883252,G1,T01,ingresso2420,1,moving
15737,1,1,0,132,0,0,0,-1,136,34,10,8,5,10,5,10,5,20,10,25,18,34,25,61,1,132,1788811747.3887095,G1,T01,ingresso2420,1,moving
15937,1,1,0,132,0,0,0,-1,109,41,13,8,13,8,5,8,5,20,13,18,18,34,25,50,1,132,1788811747.5876772,G1,T01,ingresso2420,1,moving
16137,1,1,0,132,0,0,0,-1,178,53,13,18,5,17,5,8,5,20,13,32,25,45,25,50,1,132,1788811747.7883081,G1,T01,ingresso2420,1,moving
16337,1,1,0,132,0,0,0,-1,37,20,10,13,5,17,5,8,10,13,13,32,18,34,25,50,1,132,1788811747.9880378,G1,T01,ingresso2420,1,moving
16537,1,1,0,132,0,0,0,-1,185,73,20,8,5,25,9,5,8,13,13,32,18,34,20,50,1,132,1788811748.1876378,G1,T01,ingresso2420,1,moving
16737,1,1,0,132,0,0,0,-1,50,18,16,8,10,10,5,8,8,13,10,32,25,34,25,41,1,132,1788811748.3882477,G1,T01,ingresso2420,1,moving
16937,1,1,0,132,0,0,0,-1,148,58,17,5,10,8,5,8,10,13,13,41,18,41,34,50,1,132,1788811748.588223,G1,T01,ingresso2420,1,moving
17137,1,1,0,132,0,0,0,-1,137,50,9,13,10,5,5,13,5,13,13,32,18,41,34,50,1,132,1788811748.7885983,G1,T01,ingresso2420,1,moving
17337,1,1,0,132,0,0,0,-1,130,50,9,13,5,5,5,8,5,13,8,32,18,41,34,50,1,132,1788811748.9883137,G1,T01,ingresso2420,1,moving
17537,1,1,0,132,0,0,0,-1,74,13,20,5,10,5,5,5,5,13,8,32,18,41,34,50,1,132,1788811749.1874497,G1,T01,ingresso2420,1,moving
17737,1,1,0,132,0,0,0,-1,97,34,16,10,10,8,4,8,5,13,8,32,25,41,34,50,1,132,1788811749.3882303,G1,T01,ingresso2420,1,moving
17937,1,1,0,132,0,0,0,-1,136,52,26,9,8,17,10,8,5,20,8,32,25,41,34,50,1,132,1788811749.5885534,G1,T01,ingresso2420,1,moving
18137,1,1,0,132,0,0,0,-1,61,26,10,13,5,8,9,8,5,20,8,25,25,52,34,50,1,132,1788811749.7885118,G1,T01,ingresso2420,1,moving
18337,1,1,0,132,0,0,0,-1,85,17,10,8,8,25,9,8,5,20,8,25,18,41,34,50,1,132,1788811749.9880686,G1,T01,ingresso2420,1,moving
18537,1,1,0,132,0,0,0,-1,106,50,26,13,8,10,8,8,5,13,8,32,18,34,25,50,1,132,1788811750.1878026,G1,T01,ingresso2420,1,moving
18737,1,1,0,132,0,0,0,-1,104,29,26,5,10,10,8,8,5,20,8,32,25,34,34,50,1,132,1788811750.3881524,G1,T01,ingresso2420,1,moving
18937,1,1,0,132,0,0,0,-1,185,34,17,5,5,10,5,8,5,13,8,18,25,34,25,32,1,132,1788811750.5881562,G1,T01,ingresso2420,1,moving
19137,1,1,0,132,0,0,0,-1,181,80,13,16,9,5,5,13,10,20,8,25,25,45,25,52,1,132,1788811750.7886221,G1,T01,ingresso2420,1,moving
19337,1,1,0,132,0,0,0,-1,136,36,10,13,8,8,10,13,10,20,8,25,20,34,25,61,1,132,1788811750.988728,G1,T01,ingresso2420,1,moving
19537,1,1,0,132,0,0,0,-1,122,90,17,8,5,5,10,13,5,17,8,25,18,34,20,41,1,132,1788811751.188666,G1,T01,ingresso2420,1,moving
19737,1,1,0,132,0,0,0,-1,232,40,26,4,5,9,13,8,5,10,8,32,18,34,25,41,1,132,1788811751.3878617,G1,T01,ingresso2420,1,moving
19937,1,1,0,132,0,0,0,-1,90,26,29,16,10,5,5,18,4,13,8,32,25,41,34,61,1,132,1788811751.5884836,G1,T01,ingresso2420,1,moving
20137,1,1,0,132,0,0,0,-1,116,50,26,20,5,10,5,9,8,17,8,32,25,50,34,41,1,132,1788811751.7884605,G1,T01,ingresso2420,1,moving
20337,1,1,0,132,0,0,0,-1,250,52,20,13,9,9,8,8,5,20,8,32,18,34,20,41,1,132,1788811751.9883711,G1,T01,ingresso2420,1,moving
20537,1,1,0,132,0,0,0,-1,104,58,16,13,8,5,5,5,10,10,8,25,18,34,34,41,1,132,1788811752.1880631,G1,T01,ingresso2420,1,moving
20737,1,1,0,132,0,0,0,-1,130,85,17,10,5,8,5,8,8,13,10,32,25,41,25,41,1,132,1788811752.3882217,G1,T01,ingresso2420,1,moving
20937,1,1,0,132,0,0,0,-1,85,65,20,9,10,10,5,5,8,13,8,32,18,41,25,41,1,132,1788811752.5880802,G1,T01,ingresso2420,1,moving
21137,1,1,0,132,0,0,0,-1,65,50,20,8,10,8,5,8,10,13,8,32,25,50,45,50,1,132,1788811752.7879758,G1,T01,ingresso2420,1,moving
21337,1,1,0,132,0,0,0,-1,58,13,16,9,5,8,8,8,5,13,8,32,25,41,45,50,1,132,1788811752.988219,G1,T01,ingresso2420,1,moving
21537,1,1,0,132,0,0,0,-1,50,25,17,9,8,8,8,8,9,13,8,32,18,41,34,52,1,132,1788811753.1882067,G1,T01,ingresso2420,1,moving
21737,1,1,0,132,0,0,0,-1,65,41,17,8,8,5,8,8,10,20,8,25,13,32,29,52,1,132,1788811753.388318,G1,T01,ingresso2420,1,moving
21937,1,1,0,132,0,0,0,-1,72,25,17,10,5,8,5,13,5,18,13,32,25,41,29,50,1,132,1788811753.5887947,G1,T01,ingresso2420,1,moving
22137,1,1,0,132,0,0,0,-1,40,40,17,8,10,8,5,10,5,18,18,32,25,52,34,50,1,132,1788811753.7886884,G1,T01,ingresso2420,1,moving
22337,1,1,0,132,0,0,0,-1,208,58,26,5,5,8,5,8,8,25,13,32,32,52,34,61,1,132,1788811753.9886603,G1,T01,ingresso2420,1,moving
22537,1,1,0,132,0,0,0,-1,317,80,13,5,9,13,5,13,5,25,8,25,18,52,29,50,1,132,1788811754.1880674,G1,T01,ingresso2420,1,moving
22737,1,1,0,132,0,0,0,-1,72,25,10,17,5,5,8,13,5,25,8,25,20,41,34,50,1,132,1788811754.3887522,G1,T01,ingresso2420,1,moving
22937,1,1,0,132,0,0,0,-1,244,73,9,10,9,5,4,8,8,20,8,32,18,41,34,61,1,132,1788811754.5880587,G1,T01,ingresso2420,1,moving
23137,1,1,0,132,0,0,0,-1,325,145,5,10,5,10,4,13,5,20,8,32,18,41,34,61,1,132,1788811754.7887208,G1,T01,ingresso2420,1,moving
23337,1,1,0,132,0,0,0,-1,90,25,10,13,5,8,5,8,5,17,8,25,25,41,34,50,1,132,1788811754.9880652,G1,T01,ingresso2420,1,moving
23537,1,1,0,132,0,0,0,-1,89,13,20,9,8,8,5,18,9,17,20,32,25,41,29,50,1,132,1788811755.1881664,G1,T01,ingresso2420,1,moving
23737,1,1,0,132,0,0,0,-1,97,26,13,10,5,5,8,8,10,20,13,32,18,41,34,50,1,132,1788811755.3881257,G1,T01,ingresso2420,1,moving
23937,1,1,0,132,0,0,0,-1,25,20,13,10,13,5,8,9,5,8,8,32,18,41,34,50,1,132,1788811755.588646,G1,T01,ingresso2420,1,moving
24137,1,1,0,132,0,0,0,-1,50,20,9,8,10,5,8,18,10,20,13,32,18,34,34,50,1,132,1788811755.7885358,G1,T01,ingresso2420,1,moving
24337,1,1,0,132,0,0,0,-1,80,17,8,10,5,5,5,9,5,13,13,32,18,34,34,50,1,132,1788811755.9878707,G1,T01,ingresso2420,1,moving
24537,1,1,0,132,0,0,0,-1,82,20,29,8,8,5,8,8,5,13,13,32,25,41,29,50,1,132,1788811756.188566,G1,T01,ingresso2420,1,moving
24737,1,1,0,132,0,0,0,-1,81,50,13,10,5,5,8,5,5,13,13,32,20,41,34,50,1,132,1788811756.3886747,G1,T01,ingresso2420,1,moving
24937,1,1,0,132,0,0,0,-1,117,68,20,10,8,8,10,5,5,13,10,25,20,41,34,50,1,132,1788811756.5882385,G1,T01,ingresso2420,1,moving
25137,1,1,0,132,0,0,0,-1,72,16,18,5,5,13,8,8,5,20,5,18,18,41,34,50,1,132,1788811756.7877874,G1,T01,ingresso2420,1,moving
25337,1,1,0,132,0,0,0,-1,125,74,17,8,8,8,8,5,5,20,8,25,18,34,25,61,1,132,1788811756.9877658,G1,T01,ingresso2420,1,moving
25537,1,1,0,132,0,0,0,-1,81,82,10,13,5,8,8,8,5,25,13,32,20,34,25,61,1,132,1788811757.1887517,G1,T01,ingresso2420,1,moving
25737,1,1,0,132,0,0,0,-1,125,36,13,8,10,13,8,8,5,17,8,25,20,34,25,61,1,132,1788811757.3882194,G1,T01,ingresso2420,1,moving
25937,1,1,0,132,0,0,0,-1,90,26,13,5,17,13,5,8,5,16,5,32,25,41,25,61,1,132,1788811757.5882113,G1,T01,ingresso2420,1,moving
26137,1,1,0,132,0,0,0,-1,113,34,10,10,10,8,13,13,5,10,13,32,25,41,34,50,1,132,1788811757.7884047,G1,T01,ingresso2420,1,moving
26337,1,1,0,132,0,0,0,-1,50,17,17,13,8,5,8,5,5,17,8,32,18,34,34,41,1,132,1788811757.9884286,G1,T01,ingresso2420,1,moving
26537,1,1,0,132,0,0,0,-1,85,37,10,13,8,5,4,5,5,13,5,18,13,41,20,41,1,132,1788811758.1887314,G1,T01,ingresso2420,1,moving
26737,1,1,0,132,0,0,0,-1,65,26,9,13,10,5,5,8,5,13,8,25,25,41,29,41,1,132,1788811758.3885484,G1,T01,ingresso2420,1,moving
26937,1,1,0,132,0,0,0,-1,65,25,10,13,9,5,5,8,5,13,8,25,25,41,34,41,1,132,1788811758.5879264,G1,T01,ingresso2420,1,moving
27137,1,1,0,132,0,0,0,-1,136,18,10,13,5,9,5,8,5,13,8,34,18,34,34,61,1,132,1788811758.7885737,G1,T01,ingresso2420,1,moving
27337,1,1,0,132,0,0,0,-1,45,34,16,8,5,5,13,8,5,20,8,32,18,34,34,50,1,132,1788811758.9881332,G1,T01,ingresso2420,1,moving
27537,1,1,0,132,0,0,0,-1,97,32,10,13,9,8,5,8,13,13,8,25,18,34,34,41,1,132,1788811759.188587,G1,T01,ingresso2420,1,moving
27737,1,1,0,132,0,0,0,-1,100,29,10,13,8,5,5,8,5,13,13,34,18,41,41,61,1,132,1788811759.388476,G1,T01,ingresso2420,1,moving
27937,1,1,0,132,0,0,0,-1,162,45,17,5,8,8,10,8,5,13,8,32,25,41,29,61,1,132,1788811759.588785,G1,T01,ingresso2420,1,moving
28137,1,1,0,132,0,0,0,-1,25,10,20,5,10,10,13,8,5,25,8,18,18,34,34,41,1,132,1788811759.7889287,G1,T01,ingresso2420,1,moving
28337,1,1,0,132,0,0,0,-1,125,85,10,8,10,5,9,10,8,29,13,25,18,34,34,41,1,132,1788811759.9875686,G1,T01,ingresso2420,1,moving
28537,1,1,0,132,0,0,0,-1,20,13,10,8,13,8,5,8,5,13,13,25,25,41,34,50,1,132,1788811760.1889405,G1,T01,ingresso2420,1,moving
28737,1,1,0,132,0,0,0,-1,97,37,17,8,9,13,9,8,5,20,8,25,25,41,34,50,1,132,1788811760.3886144,G1,T01,ingresso2420,1,moving
28937,1,1,0,132,0,0,0,-1,41,13,10,8,5,9,4,8,8,25,8,34,18,34,34,50,1,132,1788811760.5886528,G1,T01,ingresso2420,1,moving
29137,1,1,0,132,0,0,0,-1,52,20,10,8,8,10,10,8,8,20,13,50,32,41,29,50,1,132,1788811760.7882197,G1,T01,ingresso2420,1,moving
29337,1,1,0,132,0,0,0,-1,65,20,13,9,9,8,13,8,5,20,13,32,25,41,29,50,1,132,1788811760.9887388,G1,T01,ingresso2420,1,moving
29537,1,1,0,132,0,0,0,-1,185,89,8,5,10,8,5,10,10,20,18,32,25,41,29,50,1,132,1788811761.188133,G1,T01,ingresso2420,1,moving
29737,1,1,0,132,0,0,0,-1,58,20,20,10,5,5,8,13,5,20,13,25,25,41,34,50,1,132,1788811761.3888938,G1,T01,ingresso2420,1,moving
29937,1,1,0,132,0,0,0,-1,89,32,20,10,10,9,8,18,8,20,13,25,25,41,20,50,1,132,1788811761.5890305,G1,T01,ingresso2420,1,moving
30137,1,1,0,132,0,0,0,-1,34,18,25,8,13,5,13,9,5,13,8,25,25,41,20,41,1,132,1788811761.788687,G1,T01,ingresso2420,1,moving
30337,1,1,0,132,0,0,0,-1,109,10,5,8,5,5,13,8,9,13,8,32,18,41,29,41,1,132,1788811761.988452,G1,T01,ingresso2420,1,moving
30537,1,1,0,132,0,0,0,-1,50,65,8,5,8,8,13,8,5,13,10,32,18,41,34,41,1,132,1788811762.1888216,G1,T01,ingresso2420,1,moving
30737,1,1,0,132,0,0,0,-1,136,17,10,8,5,8,13,8,5,20,5,32,18,41,25,41,1,132,1788811762.3889122,G1,T01,ingresso2420,1,moving
30937,1,1,0,132,0,0,0,-1,41,18,10,13,5,5,5,8,10,25,13,32,18,34,25,61,1,132,1788811762.5883152,G1,T01,ingresso2420,1,moving
31137,1,1,0,132,0,0,0,-1,157,65,10,18,5,10,5,13,5,13,13,32,25,52,25,50,1,132,1788811762.7886112,G1,T01,ingresso2420,1,moving
31337,1,1,0,132,0,0,0,-1,40,18,10,13,5,5,5,13,9,20,8,32,25,41,25,50,1,132,1788811762.9890223,G1,T01,ingresso2420,1,moving
31537,1,1,0,132,0,0,0,-1,45,26,5,13,5,9,8,10,5,20,10,32,18,41,34,50,1,132,1788811763.1889367,G1,T01,ingresso2420,1,moving
31737,1,1,0,132,0,0,0,-1,185,34,5,8,10,9,5,5,5,20,5,32,25,41,25,50,1,132,1788811763.3881238,G1,T01,ingresso2420,1,moving
31937,1,1,0,132,0,0,0,-1,196,100,13,18,5,8,9,13,5,20,13,25,18,41,25,41,1,132,1788811763.5891879,G1,T01,ingresso2420,1,moving
32137,1,1,0,132,0,0,0,-1,125,73,10,13,5,13,5,8,10,29,13,32,25,41,25,41,1,132,1788811763.788788,G1,T01,ingresso2420,1,moving
32337,1,1,0,132,0,0,0,-1,53,25,9,5,8,5,8,10,8,20,8,32,25,41,25,41,1,132,1788811763.9887688,G1,T01,ingresso2420,1,moving
32537,1,1,0,132,0,0,0,-1,52,20,9,13,13,10,8,10,8,20,13,25,18,41,25,50,1,132,1788811764.1891575,G1,T01,ingresso2420,1,moving
32737,1,1,0,132,0,0,0,-1,41,29,10,5,5,8,5,10,13,20,8,25,18,34,25,50,1,132,1788811764.3883362,G1,T01,ingresso2420,1,moving
32937,1,1,0,132,0,0,0,-1,169,29,13,17,8,8,8,13,9,17,8,25,25,41,34,50,1,132,1788811764.5881226,G1,T01,ingresso2420,1,moving
33137,1,1,0,132,0,0,0,-1,85,65,5,10,8,10,8,9,8,20,8,25,18,41,34,41,1,132,1788811764.788536,G1,T01,ingresso2420,1,moving
33337,1,1,0,132,0,0,0,-1,145,45,10,8,9,5,9,10,9,13,13,41,25,45,34,41,1,132,1788811764.9890635,G1,T01,ingresso2420,1,moving
33537,1,1,0,132,0,0,0,-1,85,17,10,13,10,5,5,13,8,29,8,25,18,41,29,41,1,132,1788811765.188679,G1,T01,ingresso2420,1,moving
33737,1,1,0,132,0,0,0,-1,97,18,10,8,13,5,5,13,5,20,8,25,18,41,34,41,1,132,1788811765.388897,G1,T01,ingresso2420,1,moving
33937,1,1,0,132,0,0,0,-1,125,32,10,8,10,8,5,13,5,13,8,25,18,41,25,41,1,132,1788811765.5890644,G1,T01,ingresso2420,1,moving
34137,1,1,0,132,0,0,0,-1,157,29,8,13,9,13,10,10,5,18,8,25,18,41,25,50,1,132,1788811765.7888625,G1,T01,ingresso2420,1,moving
34337,1,1,0,132,0,0,0,-1,74,41,8,13,10,5,5,13,5,34,8,32,20,41,34,50,1,132,1788811765.9885998,G1,T01,ingresso2420,1,moving
34537,1,1,0,132,0,0,0,-1,41,13,8,8,5,8,10,8,5,20,8,32,25,41,25,41,1,132,1788811766.1885953,G1,T01,ingresso2420,1,moving
34737,1,1,0,132,0,0,0,-1,89,26,8,9,9,8,8,8,5,20,10,32,18,41,20,41,1,132,1788811766.388839,G1,T01,ingresso2420,1,moving
34937,1,1,0,132,0,0,0,-1,65,29,17,13,10,10,5,8,5,13,5,25,18,41,25,41,1,132,1788811766.5888283,G1,T01,ingresso2420,1,moving
35137,1,1,0,132,0,0,0,-1,68,37,17,5,5,8,8,8,8,13,8,25,13,34,25,41,1,132,1788811766.7885172,G1,T01,ingresso2420,1,moving
35337,1,1,0,132,0,0,0,-1,61,20,16,10,9,10,9,10,5,20,8,25,18,34,20,41,1,132,1788811766.988297,G1,T01,ingresso2420,1,moving
35537,1,1,0,132,0,0,0,-1,164,85,10,10,13,5,8,8,10,9,8,32,18,34,20,41,1,132,1788811767.1891937,G1,T01,ingresso2420,1,moving
35737,1,1,0,132,0,0,0,-1,97,29,9,13,13,5,8,8,10,20,8,32,18,34,34,50,1,132,1788811767.3890467,G1,T01,ingresso2420,1,moving
35937,1,1,0,132,0,0,0,-1,97,37,29,13,5,5,5,8,5,20,13,32,25,41,34,50,1,132,1788811767.5881715,G1,T01,ingresso2420,1,moving
36137,1,1,0,132,0,0,0,-1,82,25,20,10,8,5,5,5,10,20,13,32,25,41,34,50,1,132,1788811767.7884028,G1,T01,ingresso2420,1,moving
36337,1,1,0,132,0,0,0,-1,117,45,20,20,8,10,13,8,5,20,13,32,34,41,34,50,1,132,1788811767.9892733,G1,T01,ingresso2420,1,moving
36537,1,1,0,132,0,0,0,-1,61,25,25,8,13,8,8,5,5,13,8,32,18,41,34,41,1,132,1788811768.1886213,G1,T01,ingresso2420,1,moving
36737,1,1,0,132,0,0,0,-1,20,50,29,5,13,8,10,5,8,13,13,25,18,34,25,50,1,132,1788811768.3891888,G1,T01,ingresso2420,1,moving
36937,1,1,0,132,0,0,0,-1,122,61,10,13,10,5,5,8,5,17,13,32,25,41,20,52,1,132,1788811768.5890436,G1,T01,ingresso2420,1,moving
37137,1,1,0,132,0,0,0,-1,101,41,8,13,17,10,8,9,5,16,8,32,25,41,34,41,1,132,1788811768.788933,G1,T01,ingresso2420,1,moving
37337,1,1,0,132,0,0,0,-1,180,40,10,13,5,5,5,10,8,17,13,32,18,41,25,41,1,132,1788811768.989397,G1,T01,ingresso2420,1,moving
37537,1,1,0,132,0,0,0,-1,74,36,89,8,5,5,5,5,5,20,8,32,18,34,25,41,1,132,1788811769.1881373,G1,T01,ingresso2420,1,moving
37737,1,1,0,116,0,0,0,-1,80,89,82,16,10,5,5,5,5,20,10,32,18,34,20,32,1,116,1788811769.3891172,G1,T01,ingresso2420,1,moving
37937,1,1,0,116,0,0,0,-1,117,61,25,13,10,5,5,8,8,16,13,32,25,45,25,50,1,116,1788811769.5888612,G1,T01,ingresso2420,1,moving
38137,1,1,0,116,0,0,0,-1,40,25,10,10,10,8,13,8,5,20,8,32,18,45,25,50,1,116,1788811769.788341,G1,T01,ingresso2420,1,moving
38337,1,1,0,116,0,0,0,-1,265,85,100,8,8,8,5,10,10,13,5,32,18,52,25,50,1,116,1788811769.989054,G1,T01,ingresso2420,1,moving
38537,1,1,0,116,0,0,0,-1,122,32,40,20,9,9,5,9,8,8,5,25,18,32,20,41,1,116,1788811770.1886985,G1,T01,ingresso2420,1,moving
38737,1,1,0,116,0,0,0,-1,145,37,61,5,5,5,5,8,8,20,8,32,25,41,25,41,1,116,1788811770.3882382,G1,T01,ingresso2420,1,moving
38937,1,1,0,116,0,0,0,-1,26,10,9,10,8,5,5,8,5,13,8,25,13,34,25,41,1,116,1788811770.5882044,G1,T01,ingresso2420,1,moving
39137,1,1,0,116,0,0,0,-1,53,41,10,18,8,8,8,5,8,13,13,25,13,41,34,41,1,116,1788811770.7883787,G1,T01,ingresso2420,1,moving
39337,1,1,0,116,0,0,0,-1,45,36,65,17,10,8,5,5,5,29,8,18,13,41,34,50,1,116,1788811770.9888332,G1,T01,ingresso2420,1,moving
39537,1,1,0,116,0,0,0,-1,45,20,53,5,10,8,5,8,5,20,8,25,18,41,34,50,1,116,1788811771.1882186,G1,T01,ingresso2420,1,moving
39737,1,1,0,116,0,0,0,-1,50,25,61,8,10,8,8,5,8,16,8,25,18,41,34,50,1,116,1788811771.3884861,G1,T01,ingresso2420,1,moving
39937,1,1,0,116,0,0,0,-1,153,52,36,17,9,8,5,9,5,16,8,25,18,41,34,50,1,116,1788811771.5888834,G1,T01,ingresso2420,1,moving
40137,1,1,0,116,0,0,0,-1,130,100,32,8,8,5,5,5,8,8,13,25,18,41,34,50,1,116,1788811771.7892828,G1,T01,ingresso2420,1,moving
40337,1,1,0,116,0,0,0,-1,29,10,13,25,10,5,5,10,5,8,8,25,18,34,34,50,1,116,1788811771.9886675,G1,T01,ingresso2420,1,moving
40537,1,1,0,116,0,0,0,-1,162,52,13,32,5,8,5,8,10,13,17,25,25,34,34,50,1,116,1788811772.1894095,G1,T01,ingresso2420,1,moving
40737,1,1,0,116,0,0,0,-1,64,50,5,13,8,8,5,5,5,20,13,32,25,34,25,50,1,116,1788811772.3888845,G1,T01,ingresso2420,1,moving
40937,1,1,0,116,0,0,0,-1,61,20,65,13,9,8,10,8,5,13,13,25,13,29,25,50,1,116,1788811772.5887756,G1,T01,ingresso2420,1,moving
41137,1,1,0,116,0,0,0,-1,146,65,16,29,20,5,9,8,5,16,8,18,18,41,34,50,1,116,1788811772.7891788,G1,T01,ingresso2420,1,moving
41337,1,1,0,116,0,0,0,-1,26,13,29,25,18,8,5,10,5,17,8,18,18,41,34,50,1,116,1788811772.9892418,G1,T01,ingresso2420,1,moving
41537,1,1,0,116,0,0,0,-1,136,52,137,5,10,13,8,13,10,17,9,20,18,41,34,41,1,116,1788811773.1898682,G1,T01,ingresso2420,1,moving
41737,1,1,0,116,0,0,0,-1,244,89,34,25,8,5,13,13,10,17,13,32,18,34,29,50,1,116,1788811773.391459,G1,T01,ingresso2420,1,moving
41937,1,1,0,116,0,0,0,-1,136,117,36,18,5,5,5,9,8,17,13,32,18,34,29,50,1,116,1788811773.5893407,G1,T01,ingresso2420,1,moving
42137,1,1,0,116,0,0,0,-1,41,18,26,25,10,8,5,10,10,13,10,32,18,52,34,50,1,116,1788811773.7889693,G1,T01,ingresso2420,1,moving
42337,1,1,0,116,0,0,0,-1,41,20,9,18,5,8,8,5,8,13,8,32,18,52,34,50,1,116,1788811773.9892392,G1,T01,ingresso2420,1,moving
42537,1,1,0,116,0,0,0,-1,52,26,20,25,9,9,8,8,9,20,13,18,25,52,34,50,1,116,1788811774.1899388,G1,T01,ingresso2420,1,moving
42737,1,1,0,116,0,0,0,-1,65,18,9,18,5,5,8,5,5,20,13,18,18,52,29,50,1,116,1788811774.3893597,G1,T01,ingresso2420,1,moving
42937,1,1,0,116,0,0,0,-1,85,16,13,25,5,8,5,8,5,10,8,18,18,45,25,41,1,116,1788811774.5887306,G1,T01,ingresso2420,1,moving
43137,1,1,0,116,0,0,0,-1,106,40,68,25,8,5,5,8,5,17,8,18,18,52,25,61,1,116,1788811774.7891169,G1,T01,ingresso2420,1,moving
43337,1,1,0,116,0,0,0,-1,61,34,61,18,13,8,13,13,5,13,8,18,18,52,34,72,1,116,1788811774.9895375,G1,T01,ingresso2420,1,moving
43537,1,1,0,116,0,0,0,-1,61,18,20,32,13,8,13,13,8,10,8,32,20,34,34,61,1,116,1788811775.1886847,G1,T01,ingresso2420,1,moving
43737,1,1,0,116,0,0,0,-1,26,10,18,32,10,8,13,8,10,10,13,32,25,41,34,61,1,116,1788811775.3889408,G1,T01,ingresso2420,1,moving
43937,1,1,0,116,0,0,0,-1,113,104,97,9,10,5,10,8,8,20,13,32,25,41,34,61,1,116,1788811775.5891109,G1,T01,ingresso2420,1,moving
44137,1,1,0,116,0,0,0,-1,50,29,65,5,10,8,9,8,8,20,13,32,25,41,34,50,1,116,1788811775.7886298,G1,T01,ingresso2420,1,moving
44337,1,1,0,116,0,0,0,-1,52,85,10,13,10,8,8,8,5,13,8,32,25,34,34,50,1,116,1788811775.9892473,G1,T01,ingresso2420,1,moving
44537,1,1,0,116,0,0,0,-1,136,36,20,20,13,8,10,10,8,20,8,32,18,34,25,50,1,116,1788811776.1891506,G1,T01,ingresso2420,1,moving
44737,1,1,0,116,0,0,0,-1,65,16,8,20,8,5,5,13,5,17,13,32,18,41,34,50,1,116,1788811776.3893173,G1,T01,ingresso2420,1,moving
44937,1,1,0,116,0,0,0,-1,68,36,13,10,10,5,5,18,5,20,13,25,13,34,25,50,1,116,1788811776.5895402,G1,T01,ingresso2420,1,moving
45137,1,1,0,116,0,0,0,-1,53,40,50,52,8,5,8,9,10,20,13,32,20,41,34,50,1,116,1788811776.7890816,G1,T01,ingresso2420,1,moving
45337,1,1,0,116,0,0,0,-1,40,36,100,61,5,5,13,13,8,17,8,32,25,32,34,50,1,116,1788811776.989215,G1,T01,ingresso2420,1,moving
45537,1,1,0,116,0,0,0,-1,116,65,101,20,8,5,13,9,8,13,8,25,18,41,29,50,1,116,1788811777.189875,G1,T01,ingresso2420,1,moving
45737,1,1,0,116,0,0,0,-1,125,29,10,41,17,10,9,5,5,13,8,25,18,34,34,50,1,116,1788811777.389988,G1,T01,ingresso2420,1,moving
45937,1,1,0,105,0,0,0,-1,97,58,17,26,10,5,8,5,9,9,8,32,25,34,34,50,1,105,1788811777.5895815,G1,T01,ingresso2420,1,moving
46137,1,1,0,105,0,0,0,-1,128,20,5,8,8,5,8,10,5,13,8,20,25,50,34,50,1,105,1788811777.789305,G1,T01,ingresso2420,1,moving
46337,1,1,0,105,0,0,0,-1,82,29,17,13,9,5,5,8,8,20,8,32,25,41,34,50,1,105,1788811777.9892411,G1,T01,ingresso2420,1,moving
46537,1,1,0,105,0,0,0,-1,37,16,8,61,13,9,5,9,5,9,8,25,20,41,29,50,1,105,1788811778.1886728,G1,T01,ingresso2420,1,moving
46737,1,1,0,105,0,0,0,-1,20,29,8,13,5,8,5,10,5,13,13,25,25,41,25,50,1,105,1788811778.389936,G1,T01,ingresso2420,1,moving
46937,1,1,0,105,0,0,0,-1,180,80,25,17,13,13,5,5,5,17,13,25,18,41,25,50,1,105,1788811778.5897505,G1,T01,ingresso2420,1,moving
47137,1,1,0,105,0,0,0,-1,149,52,17,13,8,5,8,8,4,18,8,25,18,41,34,41,1,105,1788811778.788739,G1,T01,ingresso2420,1,moving
47337,1,1,0,105,0,0,0,-1,244,97,29,25,5,5,8,8,10,17,13,25,18,34,34,50,1,105,1788811778.9892242,G1,T01,ingresso2420,1,moving
47537,1,1,0,105,0,0,0,-1,58,53,20,13,5,5,8,8,10,17,13,18,18,34,34,50,1,105,1788811779.1891012,G1,T01,ingresso2420,1,moving
47737,1,1,0,105,0,0,0,-1,221,50,41,20,8,5,13,8,10,20,13,32,18,41,34,41,1,105,1788811779.3894436,G1,T01,ingresso2420,1,moving
47937,1,1,0,105,0,0,0,-1,225,117,13,5,8,5,10,8,10,20,8,25,18,52,34,41,1,105,1788811779.5894828,G1,T01,ingresso2420,1,moving
48137,1,1,0,105,0,0,0,-1,73,26,72,13,5,5,10,10,8,20,13,32,25,34,34,50,1,105,1788811779.7889664,G1,T01,ingresso2420,1,moving
48337,1,1,0,105,0,0,0,-1,85,16,10,8,10,5,8,10,5,13,8,25,18,34,34,50,1,105,1788811779.989641,G1,T01,ingresso2420,1,moving
48537,1,1,0,105,0,0,0,-1,125,73,61,18,13,8,5,10,5,20,10,25,18,34,25,50,1,105,1788811780.189577,G1,T01,ingresso2420,1,moving
48737,1,1,0,105,0,0,0,-1,100,73,13,41,10,10,9,10,5,20,18,32,18,34,25,50,1,105,1788811780.3902495,G1,T01,ingresso2420,1,moving
48937,1,1,0,105,0,0,0,-1,97,37,16,13,9,5,8,5,5,8,8,32,18,41,25,61,1,105,1788811780.589121,G1,T01,ingresso2420,1,moving
49137,1,1,0,105,0,0,0,-1,52,41,64,10,9,8,10,13,8,13,8,32,25,41,34,61,1,105,1788811780.7892692,G1,T01,ingresso2420,1,moving
49337,1,1,0,105,0,0,0,-1,170,90,18,13,17,8,8,5,5,20,13,32,25,41,34,50,1,105,1788811780.9893687,G1,T01,ingresso2420,1,moving
49537,1,1,0,105,0,0,0,-1,98,25,26,25,5,8,10,5,5,20,8,32,25,41,34,50,1,105,1788811781.1890433,G1,T01,ingresso2420,1,moving
49737,1,1,0,105,0,0,0,-1,68,16,17,20,8,13,9,5,4,17,13,25,18,41,29,50,1,105,1788811781.3894296,G1,T01,ingresso2420,1,moving
49937,1,1,0,105,0,0,0,-1,52,20,89,8,8,10,5,5,8,17,8,25,18,41,29,50,1,105,1788811781.589172,G1,T01,ingresso2420,1,moving
50137,1,1,0,105,0,0,0,-1,113,34,40,26,8,5,9,8,5,20,10,32,18,34,34,50,1,105,1788811781.7894945,G1,T01,ingresso2420,1,moving
50337,1,1,0,105,0,0,0,-1,68,29,26,29,8,5,5,5,10,20,8,32,18,34,34,41,1,105,1788811781.9892054,G1,T01,ingresso2420,1,moving
50537,1,1,0,105,0,0,0,-1,130,26,13,17,9,5,8,10,5,20,8,32,25,34,34,50,1,105,1788811782.1892722,G1,T01,ingresso2420,1,moving
50737,1,1,0,105,0,0,0,-1,106,50,8,9,10,5,8,5,5,20,8,32,25,45,41,50,1,105,1788811782.3889027,G1,T01,ingresso2420,1,moving
50937,1,1,0,105,0,0,0,-1,85,17,13,25,10,10,20,5,5,20,10,25,18,34,34,61,1,105,1788811782.5892467,G1,T01,ingresso2420,1,moving
51137,1,1,0,105,0,0,0,-1,109,61,45,13,8,5,9,8,5,25,8,25,18,45,34,50,1,105,1788811782.7895517,G1,T01,ingresso2420,1,moving
51337,1,1,0,105,0,0,0,-1,197,50,34,18,8,5,10,8,5,13,13,25,25,45,34,50,1,105,1788811782.9895291,G1,T01,ingresso2420,1,moving
51537,1,1,0,105,0,0,0,-1,85,145,36,18,13,10,13,20,13,9,8,32,18,34,34,50,1,105,1788811783.189272,G1,T01,ingresso2420,1,moving
51737,1,1,0,105,0,0,0,-1,25,53,85,16,8,8,10,13,8,20,8,25,18,41,41,50,1,105,1788811783.3894095,G1,T01,ingresso2420,1,moving
51937,1,1,0,105,0,0,0,-1,97,52,20,17,8,10,5,13,5,20,8,18,13,34,25,50,1,105,1788811783.5892804,G1,T01,ingresso2420,1,moving
52137,1,1,0,105,0,0,0,-1,80,50,9,25,13,5,5,5,5,20,13,18,13,34,32,61,1,105,1788811783.7891555,G1,T01,ingresso2420,1,moving
52337,1,1,0,105,0,0,0,-1,125,53,20,13,8,8,5,5,8,20,8,25,18,34,29,41,1,105,1788811783.9894416,G1,T01,ingresso2420,1,moving
52537,1,1,0,105,0,0,0,-1,25,16,80,9,5,9,10,9,5,13,8,25,18,25,29,50,1,105,1788811784.1891532,G1,T01,ingresso2420,1,moving
52737,1,1,0,105,0,0,0,-1,170,81,13,13,10,5,10,8,5,17,8,34,25,41,34,50,1,105,1788811784.389116,G1,T01,ingresso2420,1,moving
52937,1,1,0,105,0,0,0,-1,130,117,29,13,10,5,5,5,8,16,8,25,18,41,41,50,1,105,1788811784.589472,G1,T01,ingresso2420,1,moving
53137,1,1,0,105,0,0,0,-1,85,82,34,5,5,8,8,5,4,20,8,25,18,41,29,50,1,105,1788811784.7894585,G1,T01,ingresso2420,1,moving
53337,1,1,0,105,0,0,0,-1,65,17,40,40,13,5,10,13,10,20,8,25,18,41,34,50,1,105,1788811784.9898326,G1,T01,ingresso2420,1,moving
53537,1,1,0,105,0,0,0,-1,122,80,10,29,8,4,13,17,5,13,8,18,25,41,34,50,1,105,1788811785.1892047,G1,T01,ingresso2420,1,moving
53737,1,1,0,105,0,0,0,-1,106,49,52,9,10,10,9,8,9,10,5,25,25,34,34,50,1,105,1788811785.389182,G1,T01,ingresso2420,1,moving
53937,1,1,0,105,0,0,0,-1,41,32,41,20,13,10,8,5,8,17,13,32,25,34,34,50,1,105,1788811785.589442,G1,T01,ingresso2420,1,moving
54137,1,1,0,105,0,0,0,-1,162,13,25,18,10,5,5,8,5,17,8,32,25,41,34,50,1,105,1788811785.7892542,G1,T01,ingresso2420,1,moving
54337,1,1,0,105,0,0,0,-1,109,17,40,20,10,8,8,10,8,17,8,32,20,41,34,50,1,105,1788811785.989727,G1,T01,ingresso2420,1,moving
54537,1,1,0,105,0,0,0,-1,40,65,113,29,10,5,5,10,10,17,8,25,20,34,25,50,1,105,1788811786.1891751,G1,T01,ingresso2420,1,moving
54737,1,1,0,105,0,0,0,-1,53,41,41,20,10,10,5,5,10,17,13,25,32,45,34,50,1,105,1788811786.389961,G1,T01,ingresso2420,1,moving
54937,1,1,0,105,0,0,0,-1,106,85,25,41,13,5,5,5,5,17,13,34,25,25,20,50,1,105,1788811786.5898144,G1,T01,ingresso2420,1,moving
55137,1,1,0,105,0,0,0,-1,90,113,74,41,8,9,13,8,5,10,8,25,25,34,25,50,1,105,1788811786.7892406,G1,T01,ingresso2420,1,moving
55337,1,1,0,105,0,0,0,-1,68,17,37,17,13,5,5,5,5,10,8,25,25,41,25,50,1,105,1788811786.988633,G1,T01,ingresso2420,1,moving
55537,1,1,0,105,0,0,0,-1,185,26,13,20,10,8,8,8,8,13,8,32,20,52,34,50,1,105,1788811787.189524,G1,T01,ingresso2420,1,moving
55737,1,1,0,105,0,0,0,-1,58,85,82,34,10,8,8,8,9,29,13,32,13,34,25,50,1,105,1788811787.3889737,G1,T01,ingresso2420,1,moving
55937,1,1,0,134,0,0,0,-1,68,52,16,41,13,5,5,5,4,8,8,25,18,34,25,41,1,134,1788811787.5891247,G1,T01,ingresso2420,1,moving
56137,1,1,0,134,0,0,0,-1,85,26,13,25,8,5,5,8,5,10,8,25,18,34,34,41,1,134,1788811787.7890217,G1,T01,ingresso2420,1,moving
56337,1,1,0,134,0,0,0,-1,212,34,37,18,8,8,5,8,8,13,8,32,25,34,25,32,1,134,1788811787.9891438,G1,T01,ingresso2420,1,moving
56537,1,1,0,134,0,0,0,-1,53,29,17,9,8,8,10,5,5,13,5,32,18,32,25,61,1,134,1788811788.1891181,G1,T01,ingresso2420,1,moving
56737,1,1,0,134,0,0,0,-1,61,32,10,10,5,5,8,5,9,20,8,25,18,41,25,61,1,134,1788811788.3888495,G1,T01,ingresso2420,1,moving
56937,1,1,0,134,0,0,0,-1,90,20,16,20,8,10,8,8,8,20,8,25,18,52,25,50,1,134,1788811788.5891073,G1,T01,ingresso2420,1,moving
57137,1,1,0,134,0,0,0,-1,250,61,34,34,9,13,8,13,8,9,8,25,18,52,34,61,1,134,1788811788.7894862,G1,T01,ingresso2420,1,moving
57337,1,1,0,134,0,0,0,-1,104,34,26,18,10,9,13,10,5,13,8,20,18,52,34,50,1,134,1788811788.9899478,G1,T01,ingresso2420,1,moving
57537,1,1,0,134,0,0,0,-1,117,72,34,9,9,5,13,10,8,13,13,32,18,41,34,50,1,134,1788811789.1898937,G1,T01,ingresso2420,1,moving
57737,1,1,0,134,0,0,0,-1,181,50,157,10,8,5,9,8,16,10,13,25,20,34,25,50,1,134,1788811789.389948,G1,T01,ingresso2420,1,moving
57937,1,1,0,134,0,0,0,-1,180,58,10,20,5,10,5,8,9,10,8,18,18,34,20,50,1,134,1788811789.5898755,G1,T01,ingresso2420,1,moving
58137,1,1,0,134,0,0,0,-1,50,32,18,26,18,8,8,8,5,10,8,25,25,41,41,50,1,134,1788811789.7895072,G1,T01,ingresso2420,1,moving
58337,1,1,0,134,0,0,0,-1,170,58,17,13,18,8,5,5,5,13,13,25,25,41,34,50,1,134,1788811789.989126,G1,T01,ingresso2420,1,moving
58537,1,1,0,134,0,0,0,-1,100,40,5,8,13,13,8,8,5,16,13,25,25,41,34,50,1,134,1788811790.1898944,G1,T01,ingresso2420,1,moving
58737,1,1,0,134,0,0,0,-1,36,50,65,10,13,8,5,8,5,13,8,18,25,41,20,50,1,134,1788811790.3896987,G1,T01,ingresso2420,1,moving
58937,1,1,0,116,0,0,0,-1,68,52,65,20,13,8,5,8,5,13,8,18,32,52,25,50,1,116,1788811790.589807,G1,T01,ingresso2420,1,moving
59137,1,1,0,116,0,0,0,-1,61,18,29,25,8,8,9,13,8,10,8,18,13,41,34,50,1,116,1788811790.7895997,G1,T01,ingresso2420,1,moving
59337,1,1,0,116,0,0,0,-1,100,29,10,20,13,8,10,10,13,9,5,18,18,41,34,50,1,116,1788811790.9901352,G1,T01,ingresso2420,1,moving
59537,1,1,0,116,0,0,0,-1,68,29,5,17,10,5,8,8,10,17,8,25,25,41,25,50,1,116,1788811791.189528,G1,T01,ingresso2420,1,moving
59737,1,1,0,129,0,0,0,-1,90,65,25,20,10,8,5,10,5,20,13,32,18,34,25,41,1,129,1788811791.3899033,G1,T01,ingresso2420,1,moving
59937,1,1,0,129,0,0,0,-1,97,25,18,25,13,5,8,5,8,20,8,25,25,41,29,50,1,129,1788811791.5896626,G1,T01,ingresso2420,1,moving
60137,1,1,0,129,0,0,0,-1,72,34,65,9,8,8,5,5,5,9,8,32,25,41,29,50,1,129,1788811791.7890832,G1,T01,ingresso2420,1,moving
60337,1,1,0,129,0,0,0,-1,40,41,58,18,8,5,5,8,5,20,8,25,20,32,29,50,1,129,1788811791.989217,G1,T01,ingresso2420,1,moving
60537,1,1,0,129,0,0,0,-1,225,41,104,8,5,5,5,10,8,10,13,34,13,34,13,41,1,129,1788811792.1895244,G1,T01,ingresso2420,1,moving
60737,1,1,0,129,0,0,0,-1,153,157,8,9,13,13,5,9,5,10,13,25,13,34,20,41,1,129,1788811792.3900185,G1,T01,ingresso2420,1,moving
60937,1,1,0,129,0,0,0,-1,97,29,36,18,8,5,8,10,5,20,13,32,13,41,25,50,1,129,1788811792.5898747,G1,T01,ingresso2420,1,moving
61137,1,1,0,129,0,0,0,-1,50,58,36,25,5,8,5,8,8,20,13,32,20,52,25,50,1,129,1788811792.7897382,G1,T01,ingresso2420,1,moving
61337,1,1,0,129,0,0,0,-1,85,20,13,13,8,8,5,13,5,20,8,32,25,34,34,61,1,129,1788811792.9896197,G1,T01,ingresso2420,1,moving
61537,1,1,0,129,0,0,0,-1,65,37,13,20,5,8,8,13,5,20,8,32,18,34,34,61,1,129,1788811793.189132,G1,T01,ingresso2420,1,moving
61737,1,1,0,129,0,0,0,-1,52,17,37,8,5,5,13,8,5,13,8,32,25,34,25,50,1,129,1788811793.3896153,G1,T01,ingresso2420,1,moving
61937,1,1,0,129,0,0,0,-1,40,18,18,41,10,9,8,5,8,13,13,32,25,45,25,50,1,129,1788811793.5890775,G1,T01,ingresso2420,1,moving
62137,1,1,0,129,0,0,0,-1,61,25,41,17,13,5,10,10,8,13,8,32,25,52,34,41,1,129,1788811793.789797,G1,T01,ingresso2420,1,moving
62337,1,1,0,129,0,0,0,-1,68,72,13,20,8,10,5,8,8,20,8,32,18,52,34,50,1,129,1788811793.9896574,G1,T01,ingresso2420,1,moving
62537,1,1,0,129,0,0,0,-1,65,37,18,25,10,5,5,8,8,20,8,32,18,41,34,50,1,129,1788811794.1889782,G1,T01,ingresso2420,1,moving
62737,1,1,0,129,0,0,0,-1,53,34,49,20,10,8,5,10,10,17,8,41,25,41,34,41,1,129,1788811794.389844,G1,T01,ingresso2420,1,moving
62937,1,1,0,129,0,0,0,-1,74,45,20,16,13,8,8,8,5,17,10,25,18,41,29,50,1,129,1788811794.5890603,G1,T01,ingresso2420,1,moving
63137,1,1,0,129,0,0,0,-1,145,82,53,25,10,10,8,5,5,25,13,25,18,34,34,61,1,129,1788811794.7896695,G1,T01,ingresso2420,1,moving
63337,1,1,0,129,0,0,0,-1,136,25,45,13,8,5,8,8,8,16,13,32,18,34,18,61,1,129,1788811794.990069,G1,T01,ingresso2420,1,moving
63537,1,1,0,129,0,0,0,-1,101,50,17,16,9,8,8,5,4,17,18,25,13,34,25,50,1,129,1788811795.1899886,G1,T01,ingresso2420,1,moving
63737,1,1,0,129,0,0,0,-1,74,29,13,29,8,5,9,8,4,17,8,32,25,25,29,50,1,129,1788811795.3893433,G1,T01,ingresso2420,1,moving
63937,1,1,0,129,0,0,0,-1,45,20,18,10,8,8,8,8,10,13,8,32,25,34,29,50,1,129,1788811795.589817,G1,T01,ingresso2420,1,moving
64137,1,1,0,129,0,0,0,-1,34,13,20,10,5,5,5,5,8,10,8,32,25,41,29,50,1,129,1788811795.789599,G1,T01,ingresso2420,1,moving
64337,1,1,0,129,0,0,0,-1,68,20,17,20,13,5,5,5,5,10,8,25,25,41,34,50,1,129,1788811795.989959,G1,T01,ingresso2420,1,moving
64537,1,1,0,129,0,0,0,-1,153,61,25,9,10,5,5,8,8,10,13,25,25,41,34,41,1,129,1788811796.1900897,G1,T01,ingresso2420,1,moving
64737,1,1,0,129,0,0,0,-1,160,18,130,13,10,5,5,8,8,17,13,25,18,41,34,41,1,129,1788811796.3903978,G1,T01,ingresso2420,1,moving
64937,1,1,0,129,0,0,0,-1,125,80,18,13,10,5,5,8,5,29,18,32,18,34,25,34,1,129,1788811796.5895722,G1,T01,ingresso2420,1,moving
65137,1,1,0,129,0,0,0,-1,50,18,128,8,5,5,8,5,5,20,8,25,18,34,34,61,1,129,1788811796.789853,G1,T01,ingresso2420,1,moving
65337,1,1,0,129,0,0,0,-1,61,164,25,26,13,8,13,8,9,10,8,25,18,34,25,61,1,129,1788811796.9899359,G1,T01,ingresso2420,1,moving
65537,1,1,0,129,0,0,0,-1,73,10,13,18,10,13,13,18,10,10,13,32,18,34,32,50,1,129,1788811797.1897392,G1,T01,ingresso2420,1,moving
65737,1,1,0,129,0,0,0,-1,97,36,36,8,5,5,9,8,8,10,8,32,13,34,25,50,1,129,1788811797.3895097,G1,T01,ingresso2420,1,moving
65937,1,1,0,129,0,0,0,-1,50,13,8,10,5,5,5,9,5,13,10,32,20,41,25,50,1,129,1788811797.5893967,G1,T01,ingresso2420,1,moving
66137,1,1,0,129,0,0,0,-1,72,34,29,8,9,10,5,10,2,13,8,25,25,34,29,50,1,129,1788811797.7896302,G1,T01,ingresso2420,1,moving
66337,1,1,0,129,0,0,0,-1,61,29,13,13,9,5,5,10,9,9,8,25,25,34,29,50,1,129,1788811797.9899118,G1,T01,ingresso2420,1,moving
66537,1,1,0,129,0,0,0,-1,73,32,50,10,10,9,9,8,5,13,8,32,18,34,20,41,1,129,1788811798.1902468,G1,T01,ingresso2420,1,moving
66737,1,1,0,129,0,0,0,-1,136,61,64,25,10,8,5,13,5,10,13,25,13,34,25,41,1,129,1788811798.389686,G1,T01,ingresso2420,1,moving
66937,1,1,0,129,0,0,0,-1,61,53,20,13,10,5,10,10,8,26,8,25,13,41,29,50,1,129,1788811798.5901718,G1,T01,ingresso2420,1,moving
67137,1,1,0,129,0,0,0,-1,73,34,25,13,10,5,5,10,8,20,13,25,25,34,34,50,1,129,1788811798.79008,G1,T01,ingresso2420,1,moving
67337,1,1,0,129,0,0,0,-1,113,80,72,10,16,5,5,8,5,13,8,32,25,34,34,50,1,129,1788811798.9895158,G1,T01,ingresso2420,1,moving
67537,1,1,0,129,0,0,0,-1,40,37,20,13,10,5,8,9,5,10,8,32,25,45,29,50,1,129,1788811799.1900253,G1,T01,ingresso2420,1,moving
67737,1,1,0,129,0,0,0,-1,125,90,17,13,9,5,5,13,5,10,8,32,18,34,34,50,1,129,1788811799.3895004,G1,T01,ingresso2420,1,moving
67937,1,1,0,129,0,0,0,-1,164,32,29,13,10,8,8,5,5,9,13,32,18,34,34,50,1,129,1788811799.590167,G1,T01,ingresso2420,1,moving
68137,1,1,0,129,0,0,0,-1,65,41,49,25,8,5,8,5,9,8,10,32,18,34,25,41,1,129,1788811799.7900362,G1,T01,ingresso2420,1,moving
68337,1,1,0,129,0,0,0,-1,85,13,13,8,5,5,5,5,5,13,10,32,18,41,34,50,1,129,1788811799.9893026,G1,T01,ingresso2420,1,moving
68537,1,1,0,129,0,0,0,-1,80,45,17,8,8,5,8,5,5,13,13,25,13,34,34,41,1,129,1788811800.189347,G1,T01,ingresso2420,1,moving
68737,1,1,0,129,0,0,0,-1,106,61,58,10,8,10,8,8,5,17,13,25,13,34,34,41,1,129,1788811800.3895056,G1,T01,ingresso2420,1,moving
68937,1,1,0,129,0,0,0,-1,61,53,13,18,13,9,5,10,5,20,8,25,18,34,34,41,1,129,1788811800.5900388,G1,T01,ingresso2420,1,moving
69137,1,1,0,129,0,0,0,-1,149,26,80,10,8,5,5,13,5,13,8,25,25,34,20,41,1,129,1788811800.789577,G1,T01,ingresso2420,1,moving
69337,1,1,0,129,0,0,0,-1,100,53,29,10,9,8,5,8,5,18,8,18,13,41,34,41,1,129,1788811800.9900782,G1,T01,ingresso2420,1,moving
69537,1,1,0,129,0,0,0,-1,37,80,10,8,10,5,10,8,8,25,8,25,13,34,25,41,1,129,1788811801.1902215,G1,T01,ingresso2420,1,moving
69737,1,1,0,129,0,0,0,-1,121,29,85,8,10,8,9,8,5,13,13,25,25,34,34,50,1,129,1788811801.3895247,G1,T01,ingresso2420,1,moving
69937,1,1,0,129,0,0,0,-1,194,74,97,10,10,8,10,8,5,10,13,25,25,34,34,50,1,129,1788811801.5895393,G1,T01,ingresso2420,1,moving
70137,1,1,0,129,0,0,0,-1,80,61,13,8,8,8,5,5,5,9,13,25,25,41,34,50,1,129,1788811801.7893147,G1,T01,ingresso2420,1,moving
70337,1,1,0,129,0,0,0,-1,226,40,61,13,13,5,5,8,9,10,13,32,25,41,34,50,1,129,1788811801.9898922,G1,T01,ingresso2420,1,moving
70537,1,1,0,129,0,0,0,-1,109,65,9,10,16,10,5,8,5,10,13,25,25,41,34,41,1,129,1788811802.1903296,G1,T01,ingresso2420,1,moving
70737,1,1,0,129,0,0,0,-1,40,10,58,8,8,5,5,5,8,17,8,18,20,41,34,41,1,129,1788811802.389201,G1,T01,ingresso2420,1,moving
70937,1,1,0,129,0,0,0,-1,145,65,34,26,20,5,5,8,5,13,8,18,25,41,34,41,1,129,1788811802.589683,G1,T01,ingresso2420,1,moving
71137,1,1,0,129,0,0,0,-1,117,85,41,10,10,4,10,5,10,10,13,34,20,32,34,41,1,129,1788811802.7894745,G1,T01,ingresso2420,1,moving
71337,1,1,0,129,0,0,0,-1,40,25,26,8,10,5,5,5,8,17,8,25,18,41,25,52,1,129,1788811802.9895506,G1,T01,ingresso2420,1,moving
71537,1,1,0,129,0,0,0,-1,169,65,18,10,9,8,9,13,10,17,8,25,25,41,25,50,1,129,1788811803.1900795,G1,T01,ingresso2420,1,moving
71737,1,1,0,129,0,0,0,-1,106,25,32,5,8,8,5,5,8,10,13,41,25,45,41,61,1,129,1788811803.390066,G1,T01,ingresso2420,1,moving
71937,1,1,0,129,0,0,0,-1,85,36,85,8,5,10,5,5,8,10,8,32,18,34,25,50,1,129,1788811803.589348,G1,T01,ingresso2420,1,moving
72137,1,1,0,129,0,0,0,-1,50,17,32,5,5,5,5,8,5,10,8,25,25,34,25,50,1,129,1788811803.7893326,G1,T01,ingresso2420,1,moving
72337,1,1,0,129,0,0,0,-1,68,13,13,10,10,5,5,8,8,17,13,18,25,41,34,50,1,129,1788811803.9898746,G1,T01,ingresso2420,1,moving
72537,1,1,0,129,0,0,0,-1,116,26,26,10,13,5,5,8,5,20,13,25,18,52,34,50,1,129,1788811804.1896064,G1,T01,ingresso2420,1,moving
72737,1,1,0,129,0,0,0,-1,164,52,13,16,10,5,8,13,5,20,5,25,25,41,25,50,1,129,1788811804.3903706,G1,T01,ingresso2420,1,moving
72937,1,1,0,129,0,0,0,-1,50,17,40,8,10,10,8,5,8,18,13,25,32,52,25,50,1,129,1788811804.590343,G1,T01,ingresso2420,1,moving
73137,1,1,0,129,0,0,0,-1,85,64,53,32,13,5,5,8,5,10,13,18,18,41,25,50,1,129,1788811804.7901177,G1,T01,ingresso2420,1,moving
73337,1,1,0,129,0,0,0,-1,45,18,17,5,10,8,5,10,5,13,8,25,18,41,25,50,1,129,1788811804.9903011,G1,T01,ingresso2420,1,moving
73537,1,1,0,129,0,0,0,-1,196,50,128,8,10,5,5,5,5,13,8,25,25,41,25,50,1,129,1788811805.1902099,G1,T01,ingresso2420,1,moving
73737,1,1,0,129,0,0,0,-1,68,73,18,10,13,5,8,10,5,13,13,41,18,34,25,41,1,129,1788811805.3902473,G1,T01,ingresso2420,1,moving
73937,1,1,0,129,0,0,0,-1,146,61,10,10,13,5,5,13,5,20,13,41,18,34,34,50,1,129,1788811805.5898573,G1,T01,ingresso2420,1,moving
74137,1,1,0,129,0,0,0,-1,85,17,53,29,10,5,10,13,8,20,13,32,25,41,29,50,1,129,1788811805.7905526,G1,T01,ingresso2420,1,moving
74337,1,1,0,129,0,0,0,-1,116,32,8,16,5,8,18,10,5,18,8,32,20,41,34,50,1,129,1788811805.9903374,G1,T01,ingresso2420,1,moving
74537,1,1,0,129,0,0,0,-1,90,41,26,9,8,5,5,9,5,25,13,25,18,41,34,50,1,129,1788811806.1901767,G1,T01,ingresso2420,1,moving
74737,1,1,0,129,0,0,0,-1,85,32,10,13,5,5,5,5,5,20,10,25,25,41,34,50,1,129,1788811806.3902633,G1,T01,ingresso2420,1,moving
74937,1,1,0,129,0,0,0,-1,137,109,52,10,5,8,5,8,10,20,13,41,18,45,25,50,1,129,1788811806.5897827,G1,T01,ingresso2420,1,moving
75137,1,1,0,129,0,0,0,-1,272,40,13,10,10,5,5,9,8,10,8,32,25,52,34,50,1,129,1788811806.7896013,G1,T01,ingresso2420,1,moving
75337,1,1,0,129,0,0,0,-1,272,117,50,5,5,5,5,8,5,13,5,32,25,52,34,50,1,129,1788811806.9903452,G1,T01,ingresso2420,1,moving
75537,1,1,0,129,0,0,0,-1,41,18,29,8,17,5,5,5,5,20,13,32,18,34,34,50,1,129,1788811807.1897051,G1,T01,ingresso2420,1,moving
75737,1,1,0,129,0,0,0,-1,125,65,65,10,10,9,8,10,5,20,18,32,25,34,34,50,1,129,1788811807.3900096,G1,T01,ingresso2420,1,moving
75937,1,1,0,129,0,0,0,-1,85,20,45,5,5,5,5,8,8,10,13,32,25,34,34,50,1,129,1788811807.5901718,G1,T01,ingresso2420,1,moving
76137,1,1,0,129,0,0,0,-1,121,25,10,26,10,5,5,5,9,16,8,25,32,34,41,61,1,129,1788811807.790415,G1,T01,ingresso2420,1,moving
76337,1,1,0,129,0,0,0,-1,277,85,53,5,8,5,5,8,4,13,13,25,18,34,20,41,1,129,1788811807.9902506,G1,T01,ingresso2420,1,moving
76537,1,1,0,129,0,0,0,-1,130,34,25,13,8,8,5,8,5,10,8,25,20,34,29,50,1,129,1788811808.1904018,G1,T01,ingresso2420,1,moving
76737,1,1,0,129,0,0,0,-1,65,36,64,13,10,5,8,10,5,13,8,32,25,34,34,50,1,129,1788811808.390364,G1,T01,ingresso2420,1,moving
76937,1,1,0,129,0,0,0,-1,41,41,34,9,10,8,8,5,5,20,8,18,13,25,17,41,1,129,1788811808.5895343,G1,T01,ingresso2420,1,moving
77137,1,1,0,129,0,0,0,-1,41,10,29,13,17,5,5,9,8,13,9,18,25,34,20,50,1,129,1788811808.790429,G1,T01,ingresso2420,1,moving
77337,1,1,0,129,0,0,0,-1,29,18,26,10,9,10,5,5,5,9,8,25,18,34,25,50,1,129,1788811808.9903128,G1,T01,ingresso2420,1,moving
77537,1,1,0,129,0,0,0,-1,97,61,68,17,8,5,8,10,10,9,8,25,18,34,25,61,1,129,1788811809.1902556,G1,T01,ingresso2420,1,moving
77737,1,1,0,129,0,0,0,-1,74,97,37,10,8,5,5,5,5,10,8,32,18,34,25,61,1,129,1788811809.3902645,G1,T01,ingresso2420,1,moving
77937,1,1,0,129,0,0,0,-1,100,73,50,9,10,5,5,8,5,13,10,25,18,34,45,61,1,129,1788811809.5900211,G1,T01,ingresso2420,1,moving
78137,1,1,0,129,0,0,0,-1,137,53,37,13,5,5,13,9,10,20,13,25,25,34,34,50,1,129,1788811809.7898529,G1,T01,ingresso2420,1,moving
78337,1,1,0,129,0,0,0,-1,97,53,74,13,9,8,8,8,8,18,13,32,25,41,34,50,1,129,1788811809.9899457,G1,T01,ingresso2420,1,moving
78537,1,1,0,129,0,0,0,-1,50,37,50,8,8,5,9,5,9,9,13,32,18,34,25,41,1,129,1788811810.1899536,G1,T01,ingresso2420,1,moving
78737,1,1,0,129,0,0,0,-1,101,20,61,17,8,9,5,8,10,9,13,32,18,41,25,41,1,129,1788811810.3894918,G1,T01,ingresso2420,1,moving
78937,1,1,0,129,0,0,0,-1,41,17,8,8,8,5,5,5,5,13,10,32,25,41,34,41,1,129,1788811810.5900984,G1,T01,ingresso2420,1,moving
79137,1,1,0,129,0,0,0,-1,116,98,45,13,8,5,5,8,5,13,13,32,18,41,34,50,1,129,1788811810.7905042,G1,T01,ingresso2420,1,moving
79337,1,1,0,129,0,0,0,-1,49,65,5,5,5,5,8,5,5,13,13,32,13,41,29,50,1,129,1788811810.9894443,G1,T01,ingresso2420,1,moving
79537,1,1,0,129,0,0,0,-1,164,50,45,18,5,5,13,5,10,13,8,32,13,34,29,50,1,129,1788811811.1906264,G1,T01,ingresso2420,1,moving
79737,1,1,0,129,0,0,0,-1,61,17,53,9,9,9,8,5,5,20,8,32,13,34,29,50,1,129,1788811811.3903093,G1,T01,ingresso2420,1,moving
79937,1,1,0,129,0,0,0,-1,208,34,45,13,13,8,5,5,5,20,18,32,18,34,29,50,1,129,1788811811.5906346,G1,T01,ingresso2420,1,moving
80137,1,1,0,129,0,0,0,-1,145,104,20,13,5,5,5,8,5,13,8,32,18,41,25,50,1,129,1788811811.790199,G1,T01,ingresso2420,1,moving
80337,1,1,0,129,0,0,0,-1,146,73,32,5,5,4,8,5,8,13,18,25,13,41,29,41,1,129,1788811811.9903703,G1,T01,ingresso2420,1,moving
80537,1,1,0,129,0,0,0,-1,37,20,50,5,8,5,5,10,5,13,13,25,18,52,34,61,1,129,1788811812.190101,G1,T01,ingresso2420,1,moving
80737,1,1,0,129,0,0,0,-1,305,193,68,5,8,8,5,5,8,13,18,25,18,45,34,61,1,129,1788811812.390452,G1,T01,ingresso2420,1,moving
80937,1,1,0,129,0,0,0,-1,185,25,34,5,13,8,5,8,5,13,13,32,25,41,34,50,1,129,1788811812.589937,G1,T01,ingresso2420,1,moving
81137,1,1,0,129,0,0,0,-1,144,58,41,10,13,5,5,9,5,16,10,32,25,41,34,50,1,129,1788811812.7895062,G1,T01,ingresso2420,1,moving
81337,1,1,0,129,0,0,0,-1,40,20,10,8,5,5,5,5,5,13,8,25,18,41,34,50,1,129,1788811812.9900095,G1,T01,ingresso2420,1,moving
81537,1,1,0,129,0,0,0,-1,104,18,10,20,5,5,5,8,5,13,8,25,13,25,25,41,1,129,1788811813.1904395,G1,T01,ingresso2420,1,moving
81737,1,1,0,129,0,0,0,-1,100,45,16,9,10,5,8,13,5,10,8,25,13,34,25,41,1,129,1788811813.3902254,G1,T01,ingresso2420,1,moving
81937,1,1,0,129,0,0,0,-1,85,73,16,8,8,5,20,8,5,20,13,32,18,41,25,50,1,129,1788811813.590543,G1,T01,ingresso2420,1,moving
